Group A,vs. Group B,Top 10 Relative Traits,Average Valence
上海,东北,"卓越, 健忘, 周到, 准时, 细致, 审慎, 锐意, 拖延, 可靠, 完美",0.955
上海,云南,"泼妇, 诚信, 倚老卖老, 素质, 势利, 怀旧, 人情味, 歧视, 拜金, 外向",-0.249
上海,内蒙古,"拜金, 人情味, 从良, 倚老卖老, 势利, 刻薄, 泼妇, 乐天, 挑剔, 八面玲珑",-0.571
上海,北京,"念旧, 激进, 泼妇, 拜金, 同情心, 陋习, 风骚, 痴心, 求知欲, 怪僻",-0.443
上海,台湾,"挑剔, 急躁, 恒心, 细心, 淘气, 泼妇, 机智, 絮叨, 洒脱, 体贴入微",0.277
上海,吉林,"势利, 拜金, 挑剔, 泼妇, 婆妈, 苛刻, 人情味, 从良, 倚老卖老, 离经叛道",-1.037
上海,四川,"准时, 拜金, 挑剔, 素质, 卓越, 倚老卖老, 势利, 泼妇, 惰性, 从良",-0.431
上海,天津,"势利, 陋习, 拜金, 节俭, 苛刻, 偏见, 武断, 狭隘, 薄情, 娇生惯养",-1.18
上海,宁夏,"拜金, 泼妇, 八面玲珑, 从良, 势利, 素质, 讨厌, 准时, 外向, 乖僻",-0.306
上海,安徽,"乐天, 人情味, 情绪化, 怀旧, 品质, 纯正, 拜金, 劣根性, 素质, 卓越",0.426
上海,山东,"拜金, 人情味, 健忘, 怀旧, 从良, 善忘, 浪漫, 周到, 任性, 挑剔",0.025
上海,山西,"拜金, 怀旧, 准时, 挑剔, 从良, 独立, 卓越, 诚信, 歧视, 浪漫",0.575
上海,广东,"泼妇, 耐心, 挑剔, 刻薄, 脾气, 细致, 势利, 苛刻, 骄横, 从良",-0.603
上海,广西,"挑剔, 刻薄, 势利, 苛刻, 诚信, 乖僻, 人情味, 劣根性, 顽固, 尖酸",-0.769
上海,新疆,"挑剔, 八面玲珑, 拜金, 势利, 从良, 泰然, 耐性, 刻薄, 倚老卖老, 循规蹈矩",-0.354
上海,江苏,"怀旧, 黑心, 人情味, 乖僻, 情绪化, 拜金, 伪善, 浮夸, 怪僻, 万恶",-1.126
上海,江西,"完美, 挑剔, 品质, 泼妇, 歧视, 卓越, 别扭, 乐天, 随便, 纯正",0.241
上海,河北,"拜金, 浪漫, 人情味, 怀旧, 挑剔, 品味, 从良, 奢侈, 准时, 尖酸",0.078
上海,河南,"从良, 细致, 浪漫, 拜金, 手巧, 细心, 敏感, 卓越, 人情味, 挑剔",0.692
上海,浙江,"乖僻, 刻薄, 别扭, 尖酸, 情绪化, 健忘, 挑剔, 浪漫, 任性, 纯正",-0.639
上海,海南,"诚信, 刻薄, 准时, 博爱, 耐心, 可靠, 泼妇, 势利, 体面, 歧视",0.292
上海,湖北,"从良, 挑剔, 素质, 拜金, 品味, 完美, 奢侈, 卓越, 泼妇, 准时",0.245
上海,湖南,"挑剔, 别扭, 从良, 泼妇, 素质, 面善, 人情味, 苛刻, 完美, 乖僻",0.026
上海,澳门,"泼妇, 刻薄, 尖酸, 缺德, 絮叨, 拖拉, 文静, 脾气, 伶俐, 厚道",-0.626
上海,甘肃,"拜金, 卓越, 浪漫, 怀旧, 人情味, 泼妇, 素质, 诚信, 讨厌, 准时",0.461
上海,福建,"挑剔, 苛刻, 泼妇, 准时, 浪漫, 细致, 活泼, 完美, 耐心, 刻薄",0.461
上海,西藏,"泼妇, 准时, 倚老卖老, 刻薄, 挑剔, 诚信, 素质, 上进, 信誉, 卓越",0.401
上海,贵州,"泼妇, 从良, 刻薄, 八面玲珑, 尖酸, 素质, 挑剔, 雷厉风行, 婆妈, 理性",-0.298
上海,辽宁,"势利, 挑剔, 手巧, 人情味, 健忘, 拜金, 乖僻, 离经叛道, 从良, 品味",-0.369
上海,重庆,"素质, 卓越, 拜金, 坚决, 尖酸, 势利, 优秀, 一视同仁, 无理, 陈腐",-0.073
上海,陕西,"拜金, 从良, 挑剔, 素质, 怀旧, 讨厌, 浪漫, 势利, 乖僻, 泼妇",-0.465
上海,青海,"素质, 泼妇, 准时, 刻薄, 拜金, 挑剔, 卓越, 势利, 从良, 尖酸",-0.487
上海,香港,"手巧, 牛脾气, 泼妇, 文静, 专一, 刻薄, 淘气, 恒心, 薄情, 健谈",0.076
上海,黑龙江,"人情味, 拜金, 势利, 墨守成规, 挑剔, 八面玲珑, 泼妇, 远见, 周到, 拘泥",-0.338
东北,上海,"豪爽, 豪放, 硬汉, 豪迈, 吹牛, 耿直, 血气方刚, 好客, 淳朴, 气节",1.221
东北,云南,"硬汉, 幽默, 歧视, 外向, 素质, 口才, 内向, 劣根性, 抄袭, 猥琐",-0.399
东北,内蒙古,"气节, 骨气, 幽默, 中庸, 劣根性, 猥琐, 幼稚, 泼妇, 倚老卖老, 土气",-0.394
东北,北京,"豪放, 豪爽, 豪迈, 好客, 奔放, 穷凶极恶, 猥琐, 淳朴, 耿直, 纯朴",0.757
东北,台湾,"豪爽, 豪放, 豪迈, 好客, 耿直, 奔放, 厚道, 淳朴, 硬朗, 气节",1.521
东北,吉林,"豪爽, 豪放, 耿直, 劣根性, 骨气, 豪迈, 气节, 淳朴, 硬汉, 猥琐",0.794
东北,四川,"劣根性, 素质, 硬汉, 内向, 土气, 豪爽, 外向, 好客, 绅士, 缺德",0.379
东北,天津,"豪放, 豪爽, 野蛮, 好客, 豪迈, 淳朴, 忘恩负义, 耿直, 穷凶极恶, 气节",0.441
东北,宁夏,"幽默, 猥琐, 好客, 绅士, 豪爽, 豪放, 外向, 劣根性, 粗俗, 素质",0.457
东北,安徽,"劣根性, 极端, 团结, 纯正, 好客, 奔放, 豪爽, 豪放, 野蛮, 土气",0.469
东北,山东,"奔放, 豪放, 豪爽, 土气, 外向, 幽默, 人情味, 粗俗, 劣根性, 硬汉",0.63
东北,山西,"奔放, 猥琐, 豪放, 歧视, 好客, 独立, 豪爽, 外向, 幽默, 绅士",0.777
东北,广东,"豪爽, 豪放, 淳朴, 脾气, 耿直, 劣根性, 骄横, 朴实, 善良, 好客",0.714
东北,广西,"豪爽, 劣根性, 豪放, 幽默, 好客, 邋遢, 硬汉, 野蛮, 外向, 本性",0.372
东北,新疆,"气节, 骨气, 豪爽, 忍让, 窝囊, 忍耐力, 寡言, 牛脾气, 豪放, 耿直",0.454
东北,江苏,"硬汉, 豪放, 好客, 豪爽, 淳朴, 土气, 朴实, 粗俗, 纯朴, 奔放",1.076
东北,江西,"豪爽, 纯正, 歧视, 硬汉, 劣根性, 野蛮, 豪放, 土气, 猥琐, 好客",0.008
东北,河北,"豪放, 豪爽, 好客, 粗俗, 奔放, 劣根性, 含蓄, 淳朴, 浪漫, 绅士",0.867
东北,河南,"豪放, 奔放, 豪爽, 癖好, 硬汉, 极端, 成熟, 外向, 劣根性, 含蓄",0.44
东北,浙江,"豪爽, 硬汉, 豪放, 粗俗, 粗野, 好客, 豪迈, 土气, 奔放, 野蛮",0.521
东北,海南,"幽默, 豪爽, 猥琐, 内向, 团结, 歧视, 厚道, 老实, 劣根性, 耿直",0.249
东北,湖北,"豪放, 素质, 劣根性, 粗俗, 豪爽, 土气, 癖好, 流氓, 野蛮, 硬汉",-0.282
东北,湖南,"硬汉, 吹牛, 粗野, 豪爽, 脾气, 劣根性, 别扭, 土气, 粗俗, 野蛮",-0.574
东北,澳门,"豪爽, 豪放, 耿直, 豪迈, 厚道, 牛脾气, 气节, 朴实, 木讷, 缺德",0.635
东北,甘肃,"幽默, 绅士, 癖好, 好客, 豪爽, 素质, 外向, 内向, 猥琐, 抄袭",0.234
东北,福建,"豪放, 豪爽, 奔放, 幽默, 豪迈, 硬汉, 好客, 耿直, 刚强, 粗俗",1.229
东北,西藏,"泼妇, 口才, 素质, 鄙视, 幽默, 豪爽, 倚老卖老, 刻薄, 内向, 健谈",-0.158
东北,贵州,"硬汉, 豪放, 豪爽, 幽默, 劣根性, 流氓, 泼妇, 刚强, 血气方刚, 猥琐",0.091
东北,辽宁,"豪爽, 好客, 外向, 豪放, 劣根性, 粗俗, 淳朴, 土气, 纯朴, 奔放",0.749
东北,重庆,"气节, 骨气, 素质, 野蛮, 豪爽, 正派, 土气, 正直, 缺德, 败类",0.297
东北,陕西,"好客, 癖好, 外向, 幽默, 劣根性, 素质, 豪放, 歧视, 豪爽, 绅士",0.541
东北,青海,"幽默, 素质, 口才, 以牙还牙, 歧视, 猥琐, 泼妇, 诡辩, 劣根性, 内向",-0.834
东北,香港,"豪爽, 豪放, 牛脾气, 耿直, 豪迈, 气节, 好客, 厚道, 淳朴, 文静",1.268
东北,黑龙江,"豪爽, 好客, 豪放, 气节, 豪迈, 耿直, 骨气, 阿谀奉承, 淳朴, 劣根性",0.877
云南,上海,"谋反, 逍遥, 骁勇, 正气, 随意, 温和, 豪迈, 爱民如子, 豪爽, 慈悲",1.166
云南,东北,"功德, 漫不经心, 匆忙, 无悔, 悔恨, 恣意, 小心翼翼, 拖延, 随意, 涣散",-0.263
云南,内蒙古,"泰然, 君子, 达观, 忠孝, 乐天, 忠烈, 从容不迫, 独善其身, 从容, 慢条斯理",1.49
云南,北京,"逞强, 贪欲, 悲天悯人, 慈悲, 贪心, 任其自然, 果敢, 悔恨, 短见, 作恶多端",-0.886
云南,台湾,"寒微, 洒脱, 豪爽, 骁勇, 潇洒, 从容, 豪迈, 达观, 癫狂, 张扬",0.746
云南,吉林,"独善其身, 逍遥自在, 侠义, 果敢, 恣意, 从容, 招摇, 大义凛然, 置身事外, 逍遥",0.685
云南,四川,"温和, 逍遥自在, 淡漠, 挥霍, 风度翩翩, 恍惚, 镇静, 漫不经心, 体贴入微, 古怪",0.138
云南,天津,"果敢, 逍遥, 短见, 功德, 慈悲, 无情, 谋反, 独善其身, 贪欲, 慷慨",0.081
云南,宁夏,"独善其身, 君子, 逍遥自在, 辩才, 潇洒, 从容不迫, 置身事外, 任其自然, 风流, 幽雅",0.679
云南,安徽,"乐天, 独善其身, 独特, 逍遥自在, 功德, 逍遥, 独一无二, 达观, 幽雅, 任其自然",1.044
云南,山东,"恣意, 泰然, 逍遥自在, 任其自然, 淡漠, 漫不经心, 逍遥, 果敢, 无悔, 达观",0.51
云南,山西,"随意, 恣意, 纯洁, 幽雅, 任其自然, 泰然, 逍遥自在, 优雅, 恬静, 温柔",1.124
云南,广东,"雍容, 小心翼翼, 从容, 悲天悯人, 忸怩, 天真无邪, 恣意, 逍遥, 置身事外, 贪婪",-0.053
云南,广西,"达观, 独善其身, 悲天悯人, 小心翼翼, 慢条斯理, 谨慎, 君子, 漫不经心, 豪爽, 雍容",0.519
云南,新疆,"置身事外, 独善其身, 从容不迫, 君子, 泰然, 逍遥自在, 忠孝, 从容, 达观, 逞强",0.983
云南,江苏,"慈悲, 逍遥自在, 纯朴, 正气, 恣意, 淳朴, 功德, 朴实无华, 果敢, 招摇",1.196
云南,江西,"温柔, 脆弱, 君子, 随意, 完美, 独善其身, 雍容, 优雅, 温和, 幽雅",1.042
云南,河北,"幽雅, 短见, 慵懒, 慢条斯理, 漫不经心, 温柔, 乐天, 达观, 任其自然, 逍遥自在",0.341
云南,河南,"幽雅, 慢条斯理, 恬静, 温柔, 小心翼翼, 漫不经心, 从容不迫, 任其自然, 逍遥, 敏感",0.568
云南,浙江,"雍容, 小心翼翼, 恣意, 随意, 君子, 醇厚, 温驯, 脆弱, 古怪, 温柔",0.428
云南,海南,"从容, 谨慎, 小心, 果断, 随意, 漫不经心, 小心翼翼, 信任, 认真, 矜持",0.796
云南,湖北,"幽雅, 任其自然, 随意, 逍遥, 独特, 雍容, 恬静, 君子, 逍遥自在, 泰然",0.984
云南,湖南,"功德, 雍容, 慈悲, 逍遥, 随意, 逍遥自在, 任其自然, 君子, 漫不经心, 小心翼翼",0.637
云南,澳门,"豪爽, 文静, 豪迈, 秉性, 耿直, 寒微, 乖巧, 寡言, 君子, 木讷",0.683
云南,甘肃,"逍遥, 独善其身, 幽雅, 逍遥自在, 天真无邪, 君子, 乐天, 优雅, 潇洒, 独特",1.314
云南,福建,"妩媚, 恣意, 君子, 幽雅, 随意, 忸怩, 雍容, 从容, 洒脱, 豪爽",0.825
云南,西藏,"幸灾乐祸, 寒微, 爽快, 佩服, 漫不经心, 慢条斯理, 冷嘲热讽, 心不在焉, 多嘴, 意气风发",-0.267
云南,贵州,"温柔, 泰然, 从容, 无情, 君子, 从容不迫, 淡漠, 漫不经心, 雍容, 恬静",0.668
云南,辽宁,"慢条斯理, 随意, 漫不经心, 小心翼翼, 幽雅, 恣意, 逍遥自在, 淡漠, 从容, 居高临下",0.194
云南,重庆,"温和, 寒微, 古怪, 漫不经心, 君子, 逍遥, 居高临下, 正派, 骁勇, 淡漠",0.286
云南,陕西,"任其自然, 达观, 逍遥自在, 独善其身, 幽雅, 乐天, 知足常乐, 从良, 泰然, 粗枝大叶",0.902
云南,青海,"独善其身, 置身事外, 君子, 达观, 寒微, 泰然, 随机应变, 从容, 从容不迫, 乐观",1.05
云南,香港,"豪爽, 文静, 寒微, 洒脱, 忍心, 豪迈, 君子, 耿直, 豪放, 达观",1.072
云南,黑龙江,"忠孝, 忠烈, 果敢, 爱民如子, 泰然, 独善其身, 从容不迫, 依从, 拘泥, 逍遥自在",1.288
内蒙古,上海,"谋反, 虔诚, 背弃, 骁勇, 豪迈, 硬汉, 背叛, 舞弊, 豪放, 豪爽",0.211
内蒙古,东北,"舞弊, 涣散, 称职, 虔诚, 倚赖, 恍惚, 徇私舞弊, 瞒骗, 依从, 呆滞",-0.739
内蒙古,云南,"耐力, 硬汉, 抄袭, 志愿, 歧视, 背弃, 专一, 牛脾气, 悔改, 低能",-0.325
内蒙古,北京,"虔诚, 豪放, 贪欲, 逞强, 豪迈, 鲁莽, 纯朴, 奔放, 仁慈, 豪爽",0.636
内蒙古,台湾,"豪爽, 豪放, 耐力, 骁勇, 豪迈, 洒脱, 踏实, 稳妥, 奔放, 刻苦",1.574
内蒙古,吉林,"守约, 背弃, 虔诚, 谋反, 背信弃义, 中饱私囊, 倚赖, 野蛮, 依赖, 容忍",-0.744
内蒙古,四川,"耐力, 背弃, 徇私舞弊, 温驯, 惰性, 中饱私囊, 呆滞, 慈善, 铤而走险, 舞弊",-0.809
内蒙古,天津,"虔诚, 舞弊, 野蛮, 徇私舞弊, 宽恕, 豪放, 仁慈, 疏忽, 谋反, 果敢",-0.111
内蒙古,宁夏,"抄袭, 蹩脚, 舞弊, 志愿, 冒昧, 娴熟, 熟练, 蓄意, 刻苦, 纯正",0.073
内蒙古,安徽,"纯正, 极端, 堕落, 野蛮, 独一无二, 稳定, 虔诚, 情绪化, 狂暴, 奔放",-0.166
内蒙古,山东,"舞弊, 恣意, 明朗, 漠视, 铤而走险, 踏实, 温驯, 奔放, 主观, 果敢",0.33
内蒙古,山西,"纯洁, 奔放, 温驯, 独立, 灵活, 宽恕, 恶劣, 纯正, 歧视, 主观",0.552
内蒙古,广东,"背弃, 忸怩, 贪婪, 宽恕, 虔诚, 淳朴, 本分, 仁慈, 坚毅, 谦卑",0.532
内蒙古,广西,"背弃, 虔诚, 豪爽, 野蛮, 尊敬, 贪婪, 谦卑, 本分, 宽恕, 狂暴",0.104
内蒙古,新疆,"失信, 逞强, 瞒骗, 徇私, 清贫, 缄默, 铤而走险, 退缩, 听天由命, 节制",-1.013
内蒙古,江苏,"硬汉, 纯正, 淳朴, 纯朴, 虔诚, 粗野, 舞弊, 豪放, 悔改, 朴实",0.85
内蒙古,江西,"纯正, 耐力, 温驯, 背弃, 公平, 脆弱, 狂暴, 背叛, 完美, 温柔",0.213
内蒙古,河北,"虔诚, 豪放, 温驯, 奔放, 奢侈, 淳朴, 好客, 纯朴, 依赖, 细心",1.02
内蒙古,河南,"细腻, 温驯, 灵活, 熟练, 细致, 纯正, 敏感, 奔放, 细心, 极端",0.774
内蒙古,浙江,"温驯, 背弃, 纯正, 粗野, 虔诚, 硬汉, 背叛, 说谎, 酗酒, 野蛮",-0.489
内蒙古,海南,"舞弊, 本分, 背叛, 纯正, 欺骗, 抄袭, 老实, 野蛮, 忠诚, 徇私舞弊",-0.693
内蒙古,湖北,"公平, 豪放, 野蛮, 舞弊, 耐力, 奢侈, 纯正, 熟练, 抄袭, 虔诚",0.177
内蒙古,湖南,"虔诚, 背弃, 耐力, 硬汉, 狂暴, 纯正, 温驯, 粗野, 趁火打劫, 堕落",-0.232
内蒙古,澳门,"本分, 豪爽, 文静, 豪放, 豪迈, 木讷, 牛脾气, 野蛮, 耿直, 老实",0.518
内蒙古,甘肃,"纯正, 抄袭, 蹩脚, 耐力, 冒昧, 绅士, 素养, 细致, 娴熟, 淳朴",0.633
内蒙古,福建,"豪放, 奔放, 耐力, 豪爽, 纯洁, 忸怩, 温驯, 豪迈, 硬汉, 真挚",1.265
内蒙古,西藏,"优秀, 口才, 志愿, 能干, 抄袭, 徇私舞弊, 上进, 努力, 称职, 本分",0.853
内蒙古,贵州,"背弃, 硬汉, 背叛, 狂暴, 刚毅, 温柔, 内奸, 本能, 粗野, 坚毅",-0.101
内蒙古,辽宁,"虔诚, 瞒骗, 扯谎, 铤而走险, 温驯, 说谎, 背弃, 欺骗, 纯正, 纯朴",-0.446
内蒙古,重庆,"徇私舞弊, 耐力, 背叛, 舞弊, 背弃, 野蛮, 骁勇, 呆滞, 抄袭, 疏忽",-1.153
内蒙古,陕西,"志愿, 纯正, 耐力, 慈善, 温驯, 歧视, 纯朴, 坦承, 诚实, 抄袭",0.818
内蒙古,青海,"抄袭, 素质, 舞弊, 歧视, 口才, 素养, 志愿, 蹩脚, 优秀, 好学",0.116
内蒙古,香港,"本分, 牛脾气, 豪放, 豪爽, 专一, 文静, 耿直, 豪迈, 木讷, 淳朴",0.913
内蒙古,黑龙江,"倚赖, 依从, 虔诚, 逢迎, 中饱私囊, 英明, 爱民如子, 背弃, 果敢, 好大喜功",0.089
北京,上海,"稳定, 谋反, 可靠, 硬朗, 正气, 威风凛凛, 效忠, 实用, 祥和, 正直",1.292
北京,东北,"可靠, 卓越, 锐意, 信誉, 完美, 诚信, 慎重, 堂皇, 心术, 晚节",1.117
北京,云南,"可靠, 信誉, 诚信, 卓越, 抄袭, 体面, 素质, 口才, 实用, 欺诈",0.759
北京,内蒙古,"可靠, 乐天, 卓越, 堂皇, 诚信, 信誉, 品质, 气派, 体面, 心术",1.233
北京,台湾,"踏实, 硬朗, 可靠, 稳妥, 慎重, 寒微, 潇洒, 诚信, 厚道, 体面",1.344
北京,吉林,"可靠, 卓越, 信誉, 挑剔, 势利, 据理力争, 气派, 苛刻, 稳定, 滥竽充数",0.337
北京,四川,"卓越, 可靠, 信誉, 准时, 体面, 品质, 诚信, 素质, 踏实, 实用",1.62
北京,天津,"卓越, 可靠, 信誉, 武断, 抄袭, 舞弊, 周到, 苛刻, 诚信, 徇私舞弊",0.052
北京,宁夏,"体面, 可靠, 信誉, 抄袭, 堂皇, 八面玲珑, 气派, 圆滑, 素质, 诚信",0.586
北京,安徽,"可靠, 品质, 纯正, 乐天, 卓越, 稳定, 堂皇, 信誉, 完美, 实用",1.489
北京,山东,"可靠, 堂皇, 踏实, 信誉, 卓越, 人情味, 欺诈, 乐天, 周到, 品质",1.079
北京,山西,"可靠, 卓越, 诚信, 品质, 完美, 信誉, 准时, 优雅, 抄袭, 欺诈",1.11
北京,广东,"可靠, 品质, 心术, 卓越, 信誉, 乐天, 雍容, 踏实, 完美, 晚节",1.284
北京,广西,"可靠, 诚信, 卓越, 品质, 信誉, 体面, 心术, 欺诈, 挑剔, 乐天",0.829
北京,新疆,"晚节, 体面, 泰然, 周全, 慎重, 骨气, 君子, 窝囊, 八面玲珑, 守信",0.888
北京,江苏,"可靠, 堂皇, 纯正, 黑心, 气派, 欺诈, 品质, 诚信, 体面, 滥竽充数",0.252
北京,江西,"可靠, 完美, 品质, 纯正, 卓越, 实用, 随便, 乐天, 诚信, 体面",1.537
北京,河北,"乐天, 可靠, 浪漫, 卓越, 品质, 奢侈, 准时, 拜金, 信誉, 人情味",1.025
北京,河南,"卓越, 可靠, 品质, 纯正, 乐天, 细致, 完美, 浪漫, 实用, 灵活",1.683
北京,浙江,"纯正, 堂皇, 品质, 完美, 可靠, 硬朗, 雍容, 别扭, 祥和, 乐天",1.145
北京,海南,"可靠, 诚信, 体面, 信誉, 欺诈, 抄袭, 实用, 卓越, 纯正, 随便",0.755
北京,湖北,"可靠, 卓越, 品质, 完美, 素质, 堂皇, 体面, 抄袭, 奢侈, 诚信",0.85
北京,湖南,"品质, 可靠, 卓越, 纯正, 完美, 体面, 实用, 诚信, 别扭, 挑剔",1.226
北京,澳门,"厚道, 老实, 缺德, 本分, 木讷, 可靠, 心术, 絮叨, 脾气, 德行",0.049
北京,甘肃,"卓越, 信誉, 可靠, 诚信, 品质, 抄袭, 纯正, 实用, 完美, 体面",1.381
北京,福建,"可靠, 品质, 完美, 随便, 卓越, 优雅, 实用, 准时, 体面, 心术",1.317
北京,西藏,"信誉, 卓越, 可靠, 诚信, 准时, 口才, 体面, 鄙视, 倚老卖老, 素质",0.848
北京,贵州,"卓越, 心术, 体面, 可靠, 诚信, 抄袭, 乐天, 宁静, 素质, 八面玲珑",0.834
北京,辽宁,"可靠, 品质, 卓越, 信誉, 优雅, 诚信, 堂皇, 乐天, 欺诈, 纯正",1.245
北京,重庆,"卓越, 可靠, 抄袭, 品质, 稳定, 素质, 滥竽充数, 完美, 体面, 信誉",0.811
北京,陕西,"可靠, 卓越, 信誉, 完美, 诚信, 品质, 乐天, 素质, 纯正, 抄袭",1.322
北京,青海,"可靠, 卓越, 信誉, 诚信, 素质, 抄袭, 口才, 准时, 体面, 心术",0.918
北京,香港,"本分, 牛脾气, 木讷, 晚节, 厚道, 可靠, 踏实, 气量, 硬朗, 孝顺",0.887
北京,黑龙江,"卓越, 可靠, 体面, 堂皇, 气派, 诚信, 忠孝, 信誉, 周到, 周全",1.489
台湾,上海,"独裁, 私欲, 夸口, 公义, 爱民如子, 效忠, 稳定, 说谎, 好大喜功, 独立",0.138
台湾,东北,"倚赖, 坦承, 完美, 独力, 才能, 沉迷, 拚命, 瞒骗, 独裁, 公义",0.322
台湾,云南,"独裁, 抄袭, 怀旧, 独立, 低能, 幼稚, 陈腐, 价值观, 信誉, 口才",-0.276
台湾,内蒙古,"乐天, 独裁, 怀旧, 幼稚, 拜金, 独立, 价值观, 堂皇, 自以为是, 独力",-0.017
台湾,北京,"独裁, 独力, 独立, 一厢情愿, 拚命, 自以为是, 私欲, 倚赖, 坦承, 求知欲",0.047
台湾,吉林,"独裁, 独立, 倚赖, 独力, 怀旧, 价值观, 坦承, 自以为是, 婆妈, 讨厌",-0.081
台湾,四川,"独裁, 独立, 价值观, 慈善, 低能, 坦承, 陈腐, 损人利己, 荒谬, 完美",-0.045
台湾,天津,"独裁, 独力, 善恶, 独立, 价值观, 愚昧, 自以为是, 忘恩负义, 功德, 武断",-0.182
台湾,宁夏,"独裁, 蹩脚, 独力, 独立, 抄袭, 讨厌, 幼稚, 坦承, 怀旧, 价值观",-0.192
台湾,安徽,"独裁, 乐天, 独立, 怀旧, 完美, 价值观, 稳定, 品质, 低能, 独一无二",0.741
台湾,山东,"独裁, 坦承, 怀旧, 独立, 才能, 乐天, 浮夸, 价值观, 独力, 沉迷",0.43
台湾,山西,"独立, 独裁, 怀旧, 完美, 幼稚, 独力, 乐天, 成熟, 慈善, 浮夸",0.622
台湾,广东,"独立, 独裁, 乐天, 完美, 成熟, 中立, 夸口, 置身事外, 不切实际, 坦承",0.331
台湾,广西,"独裁, 价值观, 乐天, 独立, 心术, 慈善, 欺诈, 完美, 怀旧, 劣根性",0.293
台湾,新疆,"独力, 独裁, 置身事外, 坦承, 瞒骗, 忠孝, 独善其身, 乐天, 倚赖, 价值观",0.237
台湾,江苏,"独裁, 怀旧, 堂皇, 蹩脚, 慈善, 价值观, 公义, 浮夸, 断章取义, 自私自利",-0.23
台湾,江西,"独立, 完美, 独裁, 乐天, 慈善, 品质, 独力, 成熟, 说谎, 怀旧",0.846
台湾,河北,"独裁, 独立, 乐天, 怀旧, 价值观, 拜金, 浪漫, 自以为是, 浮夸, 幼稚",-0.072
台湾,河南,"独裁, 独立, 独力, 乐天, 成熟, 坦承, 才能, 完美, 怀旧, 浪漫",1.156
台湾,浙江,"独裁, 说谎, 坦承, 完美, 荒谬, 蹩脚, 堂皇, 淫乱, 乐天, 不切实际",-0.553
台湾,海南,"独裁, 独立, 抄袭, 欺诈, 稳定, 幼稚, 价值观, 陈腐, 怀旧, 偏见",-0.543
台湾,湖北,"独立, 独裁, 完美, 价值观, 怀旧, 乐天, 成熟, 抄袭, 不切实际, 堂皇",0.262
台湾,湖南,"善恶, 完美, 功德, 独裁, 独立, 独力, 慈善, 价值观, 蹩脚, 流畅",0.927
台湾,澳门,"缺德, 低能, 讨厌, 德行, 自以为是, 心术, 本分, 独立, 拖拉, 做作",-0.763
台湾,甘肃,"独裁, 怀旧, 独立, 完美, 抄袭, 乐天, 幼稚, 讨厌, 蹩脚, 价值观",-0.098
台湾,福建,"完美, 独裁, 独立, 坦率, 乐天, 成熟, 纯情, 品质, 才能, 抄袭",0.878
台湾,西藏,"信誉, 讨厌, 口才, 乐天, 倚老卖老, 鄙视, 抄袭, 独裁, 独力, 白痴",-0.63
台湾,贵州,"独裁, 独立, 乐天, 公义, 价值观, 中立, 正义, 自以为是, 怀旧, 内奸",0.37
台湾,辽宁,"独裁, 独立, 乐天, 瞒骗, 独力, 慈善, 坦承, 自以为是, 说谎, 倚赖",0.029
台湾,重庆,"独裁, 独立, 正派, 价值观, 完美, 抄袭, 荒谬, 善恶, 稳定, 中立",0.306
台湾,陕西,"独立, 独裁, 坦承, 完美, 乐天, 怀旧, 价值观, 讨厌, 拜金, 慈善",0.519
台湾,青海,"独裁, 独立, 坦承, 抄袭, 独力, 诡辩, 蹩脚, 乐天, 口才, 怀旧",0.049
台湾,香港,"断章取义, 本分, 装傻, 贤良, 一厢情愿, 陋习, 偏心, 缺德, 低能, 损人利己",-0.933
台湾,黑龙江,"独裁, 倚赖, 价值观, 忠孝, 独力, 不切实际, 堂皇, 贤良, 自以为是, 爱民如子",0.356
吉林,上海,"祥和, 疏忽, 朴实无华, 刚毅, 私欲, 小人, 诡计, 拚搏, 颓废, 踌躇满志",-0.013
吉林,东北,"灰心, 恒心, 锐意, 非凡, 悔恨, 平常心, 疏忽, 心不在焉, 无悔, 拖延",0.011
吉林,云南,"恒心, 迷信, 口才, 缺德, 拚搏, 友爱, 诚信, 悔改, 粗心, 利己",0.306
吉林,内蒙古,"平常心, 拚搏, 迷信, 知足常乐, 中庸, 泰然, 达观, 乐天, 消极, 实干",0.759
吉林,北京,"拚搏, 贪欲, 鲁莽, 邪念, 逞强, 忘我, 朴实无华, 知足常乐, 贪心, 悔恨",-0.393
吉林,台湾,"恒心, 灰心, 急躁, 稳妥, 警惕, 豪爽, 粗心, 寒微, 暴躁, 鞭策",-0.109
吉林,四川,"拚搏, 利己, 缺德, 迷信, 可耻, 消极, 恒心, 悔改, 灰心, 损人利己",-0.761
吉林,天津,"鲁莽, 短见, 粗心, 疏忽, 宽恕, 愚昧, 拚搏, 迷信, 贪欲, 懒惰",-0.936
吉林,宁夏,"拚搏, 口才, 端正, 蹩脚, 幽默, 华丽, 迷信, 礼貌, 缺德, 努力",0.654
吉林,安徽,"祥和, 品质, 纯正, 极端, 独特, 利己, 乐天, 情绪化, 独一无二, 消极",0.334
吉林,山东,"祥和, 平常心, 拚搏, 恒心, 听天由命, 泰然, 单调, 任其自然, 迷信, 脚踏实地",0.672
吉林,山西,"拚搏, 可耻, 完美, 友爱, 纯洁, 平常心, 知足常乐, 诚实, 单调, 邪恶",0.891
吉林,广东,"警惕, 恒心, 祥和, 努力, 脾气, 邪念, 耐心, 谦卑, 宽恕, 谨慎",0.832
吉林,广西,"恒心, 利己, 达观, 警惕, 诚实, 晦涩, 谨慎, 谦卑, 友好, 和善",0.956
吉林,新疆,"平常心, 泰然, 听天由命, 恒心, 知足常乐, 达观, 鼎力相助, 急躁, 木讷, 节制",0.704
吉林,江苏,"拚搏, 朴实无华, 迷信, 祥和, 悔改, 土气, 朴实, 诙谐, 利己, 纯正",0.717
吉林,江西,"完美, 恒心, 品质, 纯正, 实用, 耐心, 邪恶, 友好, 温柔, 美德",1.371
吉林,河北,"浪漫, 迷信, 懒虫, 粗心, 拚搏, 细心, 短见, 耐心, 平常心, 情绪化",0.087
吉林,河南,"拚搏, 细心, 浪漫, 细腻, 极端, 恒心, 仔细, 专心致志, 手巧, 细致",1.288
吉林,浙江,"祥和, 纯正, 滑稽, 淫乱, 冒失, 土气, 暴躁, 迷信, 极端, 古怪",-0.757
吉林,海南,"友爱, 耐心, 恒心, 幽默, 诚信, 实用, 诚实, 博爱, 本分, 诙谐",1.606
吉林,湖北,"完美, 拚搏, 恒心, 品质, 祥和, 独特, 努力, 仔细, 华丽, 缺德",1.345
吉林,湖南,"朴实无华, 单调, 祥和, 恒心, 功德, 灰心, 迷信, 顺手牵羊, 慈悲, 古怪",0.221
吉林,澳门,"本分, 木讷, 缺德, 文静, 朴实, 脾气, 牛脾气, 恒心, 刚强, 秉性",0.23
吉林,甘肃,"幽默, 实用, 浪漫, 恒心, 纯正, 完美, 品质, 癖好, 平常心, 诚信",1.455
吉林,福建,"恒心, 完美, 淘气, 幽默, 耐心, 诚实, 奔放, 诙谐, 朴实无华, 品质",1.427
吉林,西藏,"口才, 灰心, 准时, 上进, 努力, 诚信, 实干, 耐心, 拚搏, 信心",1.491
吉林,贵州,"拚搏, 恒心, 努力, 平常心, 邪恶, 祥和, 本能, 温柔, 刚强, 刚毅",1.241
吉林,辽宁,"迷信, 手巧, 性急, 别出心裁, 品质, 心不在焉, 乖僻, 品味, 优雅, 小心",0.356
吉林,重庆,"拚搏, 缺德, 古怪, 努力, 迷信, 消极, 疏忽, 警惕, 滑稽, 仔细",-0.264
吉林,陕西,"拚搏, 迷信, 平常心, 知足常乐, 完美, 诚实, 消极, 友爱, 癖好, 恒心",0.885
吉林,青海,"口才, 幽默, 以牙还牙, 素质, 好学, 诙谐, 知足常乐, 缺德, 迷信, 准时",0.459
吉林,香港,"本分, 牛脾气, 文静, 木讷, 恒心, 友爱, 单调, 灰心, 粗心, 急躁",-0.172
吉林,黑龙江,"远见, 平常心, 逢迎, 知足常乐, 随机应变, 美德, 忠孝, 达观, 泰然, 进取",1.557
四川,上海,"谋反, 骁勇, 忠义, 谋略, 豪迈, 仁义, 野心, 好大喜功, 忠烈, 爱民如子",0.932
四川,东北,"忠烈, 忠孝, 辩才, 拖延, 杰出, 舍得, 功德, 重蹈覆辙, 短见, 非凡",0.795
四川,云南,"团结, 鬼才, 专一, 幽默, 口才, 谋略, 仁爱, 齐心, 志愿, 守约",1.52
四川,内蒙古,"忠孝, 忠烈, 鬼才, 仁义, 乐天, 泰然, 谋略, 辩才, 中庸, 舍得",1.336
四川,北京,"贪欲, 逞强, 鬼才, 豪放, 豪迈, 悲天悯人, 谋略, 贪心, 虔诚, 忠烈",0.303
四川,台湾,"豪爽, 寒微, 洒脱, 骁勇, 豪迈, 豪放, 癫狂, 耿直, 舍得, 谨慎",0.845
四川,吉林,"守约, 忠烈, 仁义, 鬼才, 忠义, 闻风丧胆, 忠孝, 舍得, 谋反, 昏庸",0.79
四川,天津,"谋略, 果敢, 守约, 短见, 忠烈, 谋反, 忠孝, 贪欲, 虔诚, 功德",0.698
四川,宁夏,"辩才, 鬼才, 仁义, 谋略, 团结, 叛逆, 独善其身, 忠孝, 忠烈, 风流",1.003
四川,安徽,"团结, 乐天, 叛逆, 独特, 上下一心, 野心, 独一无二, 舍得, 独善其身, 独裁",0.568
四川,山东,"泰然, 果敢, 恣意, 糜烂, 鬼才, 舍得, 癫狂, 明朗, 达观, 才能",0.636
四川,山西,"团结, 纯真, 纯情, 专注, 守约, 单纯, 花里胡哨, 叛逆, 泰然, 依恋",0.954
四川,广东,"敢于, 贪欲, 野心, 骄横, 悲天悯人, 谨慎, 小心翼翼, 算计, 谋略, 忸怩",-0.386
四川,广西,"舍得, 团结, 谦让, 谨慎, 达观, 豪爽, 野心, 辩才, 悲天悯人, 独善其身",0.875
四川,新疆,"忠孝, 忠烈, 节制, 逞强, 忠义, 泰然, 独善其身, 谋略, 舍得, 拘泥",0.815
四川,江苏,"团结, 好大喜功, 忠义, 慈悲, 仁义, 豪迈, 叛逆, 耿直, 忠孝, 淫乱",0.78
四川,江西,"团结, 随便, 完美, 野心, 乐天, 温柔, 沉默, 友好, 脆弱, 单纯",0.765
四川,河北,"鬼才, 短见, 浪漫, 含蓄, 豪放, 舍得, 乐天, 小气, 虔诚, 团结",0.813
四川,河南,"舍得, 拿手, 专心致志, 浪漫, 成熟, 熟练, 独特, 爽快, 铁汉, 细腻",1.384
四川,浙江,"好大喜功, 谋反, 铁汉, 虚张声势, 守约, 刚愎自用, 癫狂, 醇厚, 豪迈, 淫乱",-0.473
四川,海南,"团结, 谦让, 果断, 叛逆, 猜忌, 幽默, 谨慎, 信任, 矜持, 仁义",1.085
四川,湖北,"独特, 野心, 节制, 舍得, 鬼才, 谋略, 幽雅, 豪放, 叛逆, 风流",0.452
四川,湖南,"功德, 虔诚, 慈悲, 善恶, 舍得, 吹牛, 贪欲, 骁勇, 虚张声势, 单调",0.286
四川,澳门,"耿直, 豪爽, 豪迈, 文静, 舍得, 豪放, 寡言, 专一, 忍心, 厚道",1.037
四川,甘肃,"幽默, 纯情, 浪漫, 鬼才, 单纯, 勾心斗角, 团结, 专注, 乐天, 风趣",1.136
四川,福建,"豪放, 团结, 坦率, 豪迈, 矜持, 豪爽, 妩媚, 洒脱, 幽默, 冷酷",1.16
四川,西藏,"远见, 进取, 口才, 鬼才, 谋略, 锐气, 上下一心, 才华, 谦虚, 信心",1.46
四川,贵州,"谋略, 锐气, 沉默, 志向, 无情, 辩才, 野心, 仁义, 猜忌, 忠烈",0.424
四川,辽宁,"鬼才, 舍得, 守约, 小心翼翼, 慢条斯理, 辩才, 天才, 忠孝, 拘泥, 薄情",0.665
四川,重庆,"骁勇, 谋略, 寒微, 忠烈, 谋反, 气节, 善恶, 忠义, 正派, 蠢材",0.49
四川,陕西,"鬼才, 乐天, 浪漫, 舍得, 才能, 达观, 专一, 幽默, 浮夸, 坦率",1.152
四川,青海,"鬼才, 谋略, 幽默, 闻风丧胆, 口才, 诡辩, 独善其身, 辩才, 随机应变, 心计",0.433
四川,香港,"耿直, 豪放, 豪爽, 专一, 文静, 豪迈, 忍心, 谦让, 志向, 拿手",1.398
四川,黑龙江,"忠孝, 忠烈, 仁义, 谋略, 辩才, 拘泥, 忠义, 贤良, 远见, 进取",1.6
天津,上海,"吹牛, 夸口, 祥和, 拍马屁, 硬汉, 意气风发, 吹嘘, 硬朗, 严肃, 据为己有",0.029
天津,东北,"心不在焉, 涣散, 锐意, 可靠, 拚命, 仁爱, 完美, 灰心, 坚持, 非凡",0.683
天津,云南,"口才, 倚老卖老, 仁爱, 内向, 博爱, 素质, 诚信, 幽默, 泼妇, 外向",0.577
天津,内蒙古,"倚老卖老, 乐天, 从良, 泰然, 八面玲珑, 堂皇, 浪漫, 中庸, 幼稚, 口才",0.365
天津,北京,"逞强, 拚命, 冲劲, 忘我, 下流, 害羞, 主动, 矜持, 知足常乐, 热情洋溢",0.466
天津,台湾,"硬朗, 絮叨, 踏实, 铁汉, 仁爱, 拘束, 恒心, 急躁, 脾气, 健谈",0.618
天津,吉林,"倚老卖老, 从良, 据理力争, 泼妇, 挑剔, 招摇, 唠叨, 拘束, 坚持, 古板",-0.534
天津,四川,"倚老卖老, 准时, 坚持, 内向, 素质, 别扭, 活跃, 从良, 口才, 硬朗",0.478
天津,宁夏,"口才, 八面玲珑, 健谈, 从良, 幽默, 内向, 圆滑, 绅士, 蹩脚, 体面",0.503
天津,安徽,"纯正, 乐天, 品质, 祥和, 堂皇, 情绪化, 仁爱, 团结, 完美, 独一无二",1.27
天津,山东,"泰然, 祥和, 浪漫, 健忘, 堂皇, 可靠, 从良, 人情味, 豁出去, 坦承",0.932
天津,山西,"准时, 完美, 浪漫, 从良, 细腻, 博爱, 纯正, 幼稚, 怀旧, 流畅",1.111
天津,广东,"脾气, 絮叨, 忸怩, 细腻, 气量, 唠叨, 坚持, 祥和, 短处, 口才",0.222
天津,广西,"絮叨, 唠叨, 仁爱, 健谈, 幽默, 口才, 童叟无欺, 脾气, 细腻, 别扭",0.521
天津,新疆,"泰然, 晚节, 豁出去, 八面玲珑, 拘束, 寡言, 节制, 倚老卖老, 镇定, 絮叨",-0.077
天津,江苏,"纯正, 堂皇, 祥和, 硬汉, 细腻, 怀旧, 气派, 硬朗, 媚俗, 黑心",0.505
天津,江西,"完美, 纯正, 坚持, 品质, 细腻, 脆弱, 别扭, 乐天, 随便, 口才",0.783
天津,河北,"浪漫, 乐天, 怀旧, 从良, 细腻, 拜金, 唠叨, 准时, 殷勤, 人情味",0.543
天津,河南,"细腻, 浪漫, 从良, 纯正, 灵活, 坚持, 细致, 乐天, 成熟, 专心致志",1.457
天津,浙江,"纯正, 铁汉, 祥和, 细腻, 脆弱, 堂皇, 害羞, 滑稽, 别扭, 迎合",0.194
天津,海南,"可靠, 内向, 仁爱, 博爱, 幽默, 口才, 体面, 纯正, 诚信, 准时",1.317
天津,湖北,"从良, 完美, 素质, 坚持, 口才, 品质, 堂皇, 浪漫, 纯正, 挑剔",0.974
天津,湖南,"别扭, 纯正, 脾气, 吹牛, 细腻, 絮叨, 完美, 挑剔, 祥和, 唠叨",0.107
天津,澳门,"絮叨, 脾气, 木讷, 文静, 泼妇, 唠叨, 寡言, 老实, 本分, 德行",-0.354
天津,甘肃,"纯正, 幽默, 浪漫, 口才, 童叟无欺, 绅士, 内向, 倚老卖老, 素质, 完美",0.943
天津,福建,"口才, 幽默, 完美, 细腻, 浪漫, 脾气, 活泼, 坚持, 拘束, 准时",1.092
天津,西藏,"口才, 倚老卖老, 准时, 泼妇, 上进, 素质, 诚信, 唠叨, 内向, 信誉",0.367
天津,贵州,"口才, 泼妇, 从良, 幽默, 宁静, 道义, 八面玲珑, 仁爱, 泰然, 细腻",0.952
天津,辽宁,"心不在焉, 拘束, 八面玲珑, 健忘, 纯正, 口才, 乐天, 幽雅, 扯谎, 慢条斯理",0.045
天津,重庆,"素质, 滑稽, 纯正, 滥竽充数, 坚持, 完美, 优秀, 口才, 努力, 别扭",0.719
天津,陕西,"从良, 浪漫, 完美, 博爱, 乐天, 内向, 纯正, 坦承, 素质, 外向",1.134
天津,青海,"口才, 素质, 幽默, 准时, 内向, 泼妇, 八面玲珑, 诡辩, 倚老卖老, 从良",-0.025
天津,香港,"牛脾气, 絮叨, 木讷, 文静, 健谈, 专一, 脾气, 本分, 恒心, 仁爱",0.508
天津,黑龙江,"奉承, 口才, 八面玲珑, 逢迎, 堂皇, 变通, 拘泥, 仁爱, 随机应变, 拘束",0.143
宁夏,上海,"谋反, 豪迈, 意气风发, 骁勇, 踌躇满志, 坚毅, 刚毅, 温和, 凝重, 虔诚",1.159
宁夏,东北,"涣散, 锐意, 恍惚, 悔恨, 无悔, 失信, 鞭策, 心不在焉, 踌躇, 笃定",-0.411
宁夏,云南,"鞭策, 仁爱, 硬汉, 健忘, 低能, 博爱, 卓越, 锐意, 诚信, 理性",0.947
宁夏,内蒙古,"锐意, 人情味, 乐天, 健忘, 泰然, 善忘, 远见, 知足常乐, 卓越, 达观",1.066
宁夏,北京,"逞强, 贪欲, 贪心, 悔恨, 冲动, 豪迈, 虔诚, 守望相助, 贪婪, 见义勇为",-0.233
宁夏,台湾,"豪爽, 癫狂, 豪迈, 寒微, 鞭策, 骁勇, 铁汉, 坚毅, 悔恨, 洒脱",0.655
宁夏,吉林,"涣散, 招摇, 依赖, 糜烂, 守约, 笃定, 意气风发, 恣意, 脆弱, 醇厚",-0.044
宁夏,四川,"惰性, 恍惚, 涣散, 卓越, 挥霍, 呆滞, 健忘, 坚持, 鞭策, 柔和",-0.253
宁夏,天津,"虔诚, 果敢, 贪欲, 守望相助, 残忍, 谋反, 豪迈, 贪婪, 使命感, 贪心",-0.191
宁夏,安徽,"祥和, 锐意, 品质, 独一无二, 乐天, 奢侈, 独特, 纯正, 惰性, 脆弱",0.575
宁夏,山东,"恣意, 健忘, 淡漠, 祥和, 无悔, 涣散, 挥霍, 感性, 慵懒, 糜烂",-0.508
宁夏,山西,"独立, 纯洁, 依恋, 感性, 卓越, 敏感, 细腻, 坚强, 恣意, 健忘",0.918
宁夏,广东,"贪婪, 坚毅, 忸怩, 警惕, 贪欲, 天真无邪, 怯懦, 无悔, 敢于, 胆怯",-0.065
宁夏,广西,"守望相助, 贪婪, 旗帜鲜明, 惰性, 条理, 锐意, 仁爱, 柔和, 踌躇满志, 絮叨",0.535
宁夏,新疆,"逞强, 节制, 镇静, 失信, 淡漠, 悔恨, 笃定, 泰然, 守信, 成竹在胸",0.21
宁夏,江苏,"硬汉, 祥和, 朴实无华, 招摇, 廉洁, 醇厚, 豪迈, 糜烂, 铁汉, 正气",1.012
宁夏,江西,"脆弱, 坚持, 温柔, 完美, 品质, 细腻, 实用, 纯正, 独立, 坚强",1.405
宁夏,河北,"奢侈, 感性, 懒虫, 依赖, 慵懒, 依恋, 人情味, 敏感, 溺爱, 浪漫",-0.078
宁夏,河南,"细腻, 敏感, 铁汉, 温柔, 细心, 依赖, 温驯, 奢侈, 淡漠, 灵活",0.469
宁夏,浙江,"铁汉, 脆弱, 祥和, 癫狂, 醇厚, 温驯, 硬汉, 涣散, 贪婪, 失约",-0.168
宁夏,海南,"仁爱, 可靠, 博爱, 忠诚, 条理, 信任, 友爱, 诚信, 锐意, 耐心",1.759
宁夏,湖北,"奢侈, 挥霍, 坚持, 品质, 祥和, 惰性, 卓越, 柔和, 大胆, 独立",0.636
宁夏,湖南,"虔诚, 祥和, 铁汉, 功德, 朴实无华, 硬汉, 细腻, 柔和, 善恶, 顺手牵羊",1.036
宁夏,澳门,"文静, 本分, 木讷, 豪迈, 豪爽, 絮叨, 耿直, 厚道, 倔强, 寡言",0.593
宁夏,甘肃,"卓越, 童叟无欺, 实用, 品质, 人情味, 体贴入微, 浪漫, 博爱, 诚信, 仁爱",1.732
宁夏,福建,"妩媚, 坚强, 倔强, 豪迈, 忸怩, 癫狂, 无悔, 脆弱, 细腻, 真挚",0.512
宁夏,西藏,"锐意, 卓越, 信心, 冲劲, 意气风发, 上进, 幸灾乐祸, 进取, 远见, 灰心",1.106
宁夏,贵州,"温柔, 坚毅, 踌躇满志, 刚毅, 意气风发, 淡漠, 坚定, 恍惚, 本能, 柔弱",0.927
宁夏,辽宁,"健忘, 漫不经心, 涣散, 淡漠, 奢侈, 慢条斯理, 心不在焉, 贪婪, 醇厚, 恣意",-0.751
宁夏,重庆,"恍惚, 柔和, 温和, 呆滞, 涣散, 坚定, 卓越, 坚毅, 忠诚, 骁勇",0.933
宁夏,陕西,"知足常乐, 健忘, 体贴入微, 卓越, 博爱, 懒虫, 低能, 品质, 童叟无欺, 感性",0.655
宁夏,青海,"卓越, 锐意, 一针见血, 变通, 可靠, 知足, 进取, 尖酸, 知足常乐, 以牙还牙",0.935
宁夏,香港,"文静, 本分, 鞭策, 牛脾气, 木讷, 专一, 豪迈, 豪爽, 豪放, 耿直",0.855
宁夏,黑龙江,"进取, 远见, 忠孝, 拘泥, 踌躇满志, 墨守成规, 依从, 鞭策, 上下一心, 忠烈",1.111
安徽,上海,"慌忙, 慌张, 刚毅, 谋反, 迟疑, 腼腆, 坚毅, 谄媚, 忸怩, 夸口",-0.398
安徽,东北,"慌张, 慌忙, 匆忙, 拚命, 灰心, 心不在焉, 称职, 杰出, 踌躇, 见义勇为",0.117
安徽,云南,"恩爱, 健谈, 口才, 泼妇, 倚老卖老, 上进, 古板, 局促, 粗心, 据理力争",0.063
安徽,内蒙古,"倚老卖老, 殷勤, 体贴入微, 见义勇为, 流氓, 恩爱, 粗枝大叶, 明理, 挺身而出, 廉耻",0.586
安徽,北京,"见义勇为, 逞强, 粗枝大叶, 慌张, 恶霸, 邪念, 文静, 贪欲, 痴心, 体贴入微",-0.436
安徽,台湾,"慌张, 寒微, 豪爽, 体贴入微, 文静, 机智, 慌忙, 灰心, 见义勇为, 洒脱",0.554
安徽,吉林,"恶霸, 流氓, 招摇, 迂腐, 薄情, 风度翩翩, 大义凛然, 据理力争, 体贴入微, 慌忙",-0.405
安徽,四川,"体贴入微, 财迷心窍, 粗枝大叶, 见义勇为, 笨拙, 风度翩翩, 端正, 局促, 殷勤, 上进",0.547
安徽,天津,"粗枝大叶, 狠心, 粗心, 见义勇为, 短见, 慌张, 心狠手辣, 武断, 清贫, 恶霸",-1.009
安徽,宁夏,"健谈, 端正, 斯文, 殷勤, 猥琐, 娴熟, 渊博, 辩才, 风趣, 流氓",0.629
安徽,山东,"体贴入微, 粗枝大叶, 漠视, 悉心, 敷衍了事, 粗心, 恣意, 阔绰, 怕羞, 痴心",-0.288
安徽,山西,"体贴入微, 细心, 猥琐, 见义勇为, 殷勤, 粗枝大叶, 体贴, 流氓, 风骚, 敏捷",0.192
安徽,广东,"忸怩, 慌忙, 体贴入微, 慌张, 矜持, 警惕, 邪念, 殷勤, 小心翼翼, 谄媚",-0.419
安徽,广西,"健谈, 殷勤, 体贴入微, 忸怩, 笨拙, 谦让, 局促, 絮叨, 慢条斯理, 拘谨",0.164
安徽,新疆,"体贴入微, 木讷, 粗枝大叶, 局促, 廉耻, 慌张, 从容不迫, 逞强, 镇静, 明察秋毫",0.172
安徽,江苏,"朴实, 悔改, 朴实无华, 招摇, 硬汉, 正直, 花里胡哨, 恶霸, 朴素, 粗枝大叶",0.193
安徽,江西,"温柔, 体贴入微, 流氓, 体贴, 柔弱, 猥琐, 灰心, 细心, 矜持, 一心一意",0.281
安徽,河北,"粗枝大叶, 体贴入微, 殷勤, 细心, 体贴, 矜持, 懒虫, 慢条斯理, 赖皮, 粗心",0.086
安徽,河南,"细心, 体贴入微, 粗枝大叶, 体贴, 专心致志, 熟练, 灵巧, 慢条斯理, 细致, 敏锐",1.255
安徽,浙江,"笨拙, 忸怩, 慌忙, 腼腆, 粗鲁, 木讷, 讨好, 小心翼翼, 害羞, 矜持",-0.548
安徽,海南,"矜持, 木讷, 谦让, 猥琐, 幽默, 廉耻, 老实, 腼腆, 忍让, 本分",0.269
安徽,湖北,"流氓, 花枝招展, 殷勤, 熟练, 端正, 仔细, 慢条斯理, 投机, 猥琐, 细心",0.048
安徽,湖南,"慌忙, 笨拙, 邪念, 灰心, 安分, 顺手牵羊, 絮叨, 半信半疑, 朴实无华, 平凡",-0.591
安徽,澳门,"文静, 木讷, 本分, 絮叨, 笨拙, 粗枝大叶, 厚道, 狠心, 豪爽, 朴实",0.137
安徽,甘肃,"体贴入微, 健谈, 幽默, 斯文, 体贴, 流氓, 粗枝大叶, 见义勇为, 明察秋毫, 细心",1.046
安徽,福建,"忸怩, 矜持, 体贴入微, 妩媚, 花枝招展, 流氓, 局促, 殷勤, 笨拙, 文静",-0.185
安徽,西藏,"上进, 泼妇, 倚老卖老, 健谈, 口才, 流氓, 灰心, 殷勤, 斯文, 慌张",-0.324
安徽,贵州,"流氓, 慌忙, 恩爱, 文静, 泼妇, 风度翩翩, 柔弱, 斯文, 刚毅, 体贴入微",0.404
安徽,辽宁,"慢条斯理, 装模作样, 粗枝大叶, 慌忙, 殷勤, 拚命, 忸怩, 怕羞, 局促, 心不在焉",-0.535
安徽,重庆,"寒微, 端正, 慌忙, 清贫, 廉耻, 敏捷, 正派, 坚决, 粗枝大叶, 半信半疑",0.286
安徽,陕西,"体贴入微, 粗枝大叶, 体贴, 健谈, 细心, 粗心, 坦承, 阔绰, 从良, 坦白",0.763
安徽,青海,"体贴入微, 幽默, 口才, 流氓, 泼妇, 上进, 才华横溢, 据理力争, 健谈, 风趣",0.901
安徽,香港,"文静, 木讷, 本分, 牛脾气, 健谈, 体贴入微, 腼腆, 专一, 谦让, 粗枝大叶",0.606
安徽,黑龙江,"体贴入微, 拘泥, 墨守成规, 雄辩, 装模作样, 忠孝, 逢迎, 忠烈, 殷勤, 奉承",0.172
山东,上海,"骁勇, 忠义, 仁义, 爱民如子, 谋反, 英明, 慌忙, 拍马屁, 背弃, 野心",0.426
山东,东北,"不忍, 迟疑, 杰出, 忠孝, 仁爱, 慌张, 忠烈, 慌忙, 失信, 公义",0.579
山东,云南,"仁爱, 口才, 素质, 贬低, 短处, 优秀, 德行, 歧视, 耐力, 偏心",0.133
山东,内蒙古,"仁义, 忠孝, 德行, 中庸, 君子, 忠烈, 斯文, 忠义, 好胜心, 贤良",1.397
山东,北京,"悲天悯人, 骁勇, 仁慈, 好胜心, 鲁莽, 志向, 见义勇为, 贪欲, 胸怀, 爱民如子",0.706
山东,台湾,"骁勇, 豪爽, 博学, 怠慢, 寒微, 志向, 仁爱, 豪迈, 慌张, 耐力",0.856
山东,吉林,"仁义, 忠义, 迂腐, 斯文, 背信弃义, 爱民如子, 骁勇, 敬重, 贤良, 忠烈",1.237
山东,四川,"素质, 耐力, 品行, 混蛋, 嫉妒, 背弃, 古板, 偏心, 优秀, 短处",-0.38
山东,天津,"仁慈, 忘恩负义, 爱民如子, 骁勇, 英明, 鲁莽, 贤良, 野蛮, 仁义, 忠义",0.857
山东,宁夏,"斯文, 仁义, 德行, 辩才, 口才, 渊博, 博学, 冒昧, 素质, 德高望重",1.149
山东,安徽,"仁爱, 效忠, 团结, 骄傲, 野心, 美德, 忠义, 中立, 素质, 野蛮",0.875
山东,山西,"仁爱, 斯文, 歧视, 猥琐, 敏捷, 善良, 独立, 变态, 素质, 邪恶",-0.084
山东,广东,"短处, 脾气, 德行, 仁慈, 贪婪, 野心, 悲天悯人, 贤良, 骄傲, 谄媚",-0.432
山东,广西,"尊敬, 短处, 博学, 仁爱, 德行, 谦让, 斯文, 脾气, 悲天悯人, 仁义",0.794
山东,新疆,"忠孝, 君子, 忠义, 斯文, 仁义, 志向, 敬重, 迂腐, 谦让, 沽名钓誉",1.188
山东,江苏,"仁义, 忠义, 硬汉, 好客, 爱民如子, 粗野, 骁勇, 公义, 背信弃义, 短处",0.929
山东,江西,"美德, 仁爱, 骄傲, 耐力, 脾气, 君子, 完美, 变态, 嫉妒, 邪恶",0.216
山东,河北,"伟大, 好客, 美德, 粗鲁, 热情, 心直口快, 殷勤, 仁慈, 豪放, 斯文",1.084
山东,河南,"铁汉, 变态, 本能, 斯文, 仔细, 冷静, 优秀, 细腻, 骄傲, 迟疑",0.556
山东,浙江,"骄傲, 好色, 粗野, 小人, 骁勇, 铁汉, 粗鲁, 背弃, 私心, 仁义",-0.472
山东,海南,"仁爱, 谦让, 果断, 忠诚, 尊敬, 仁义, 中庸, 斯文, 德行, 鄙视",1.111
山东,湖北,"素质, 美德, 短处, 优秀, 脾气, 君子, 贤良, 流氓, 野心, 变态",0.174
山东,湖南,"脾气, 吹牛, 骁勇, 背弃, 效忠, 趁火打劫, 性情, 虔诚, 功德, 君子",0.298
山东,澳门,"本分, 德行, 豪爽, 脾气, 文静, 耿直, 秉性, 缺德, 牛脾气, 博学",0.403
山东,甘肃,"斯文, 素质, 优秀, 冒昧, 仁爱, 口才, 绅士, 讨厌, 博学, 混蛋",0.592
山东,福建,"骄傲, 脾气, 君子, 短处, 尊敬, 性情, 豪爽, 嫉妒, 耐力, 骁勇",0.499
山东,西藏,"口才, 优秀, 斯文, 鄙视, 素质, 混蛋, 上进, 偏心, 刻薄, 泼妇",-0.163
山东,贵州,"斯文, 德行, 志向, 嫉妒, 混蛋, 中立, 贤良, 仁义, 背弃, 骁勇",0.359
山东,辽宁,"斯文, 仁义, 嫉妒, 卑鄙, 性急, 美德, 君子, 仁慈, 多嘴, 奉承",0.15
山东,重庆,"优秀, 骁勇, 败类, 卑鄙, 素质, 英明, 迂腐, 品行, 背信弃义, 中立",-0.112
山东,陕西,"素质, 讨厌, 美德, 仁爱, 歧视, 斯文, 优秀, 短处, 中立, 专一",0.474
山东,青海,"素质, 口才, 以牙还牙, 谋略, 优秀, 鄙视, 短处, 斯文, 才华横溢, 诡辩",0.234
山东,香港,"牛脾气, 本分, 博学, 耿直, 专一, 谦让, 志向, 文静, 豪爽, 脾气",1.06
山东,黑龙江,"仁义, 忠孝, 贤良, 奉承, 忠义, 忠烈, 爱民如子, 英明, 谋略, 阿谀奉承",1.245
山西,上海,"骁勇, 谋反, 好大喜功, 谋略, 爱民如子, 刚毅, 忠义, 踌躇满志, 夸口, 凝重",0.57
山西,东北,"重蹈覆辙, 忠烈, 杰出, 拖延, 非凡, 涣散, 功德, 失信, 忠孝, 称职",0.565
山西,云南,"牛脾气, 气量, 口才, 硬汉, 短处, 才华, 古板, 墨守成规, 毛遂自荐, 才气",0.313
山西,内蒙古,"忠烈, 忠孝, 谋略, 迂腐, 锐气, 堂皇, 远见, 好胜心, 正派, 不凡",0.933
山西,北京,"骁勇, 才干, 锐气, 谋略, 好胜心, 忠烈, 爱民如子, 自满, 猜忌, 好胜",0.737
山西,台湾,"寒微, 骁勇, 豪爽, 坚毅, 刚毅, 牛脾气, 怠慢, 胆识, 耿直, 豪迈",0.908
山西,吉林,"忠烈, 迂腐, 猜忌, 气量, 骁勇, 谋反, 爱民如子, 招摇, 昏庸, 古板",-0.22
山西,四川,"古板, 惰性, 牛脾气, 品行, 风度翩翩, 气量, 陈腐, 才干, 上进, 迂腐",-0.028
山西,天津,"谋略, 骁勇, 忠烈, 谋反, 爱民如子, 功德, 英明, 好大喜功, 杰出, 陋习",0.852
山西,宁夏,"辩才, 才华, 才华横溢, 才干, 才气, 谋略, 渊博, 正派, 天资, 气量",1.553
山西,安徽,"气量, 重蹈覆辙, 好大喜功, 独一无二, 上下一心, 功德, 堂皇, 刚愎自用, 骁勇, 滥竽充数",0.016
山西,山东,"气量, 堂皇, 陋习, 招摇, 重蹈覆辙, 乘虚而入, 舞弊, 敷衍了事, 庸碌, 涣散",-1.284
山西,广东,"气量, 短处, 脾气, 才干, 雍容, 坚毅, 猜忌, 忸怩, 算计, 退缩",-0.112
山西,广西,"气量, 短处, 牛脾气, 脾气, 古板, 毛遂自荐, 猜忌, 凝重, 重蹈覆辙, 本分",-0.54
山西,新疆,"气量, 忠烈, 忠孝, 拖延, 庸碌, 迂腐, 沽名钓誉, 退缩, 谋略, 决断",-0.076
山西,江苏,"好大喜功, 气量, 硬汉, 堂皇, 骁勇, 刚愎自用, 正派, 牛脾气, 爱民如子, 气派",0.414
山西,江西,"气量, 脾气, 雍容, 短处, 耐力, 坚持, 毛遂自荐, 骁勇, 信心, 野心",0.713
山西,河北,"节俭, 陋习, 奢侈, 娇生惯养, 耿直, 小气, 虔诚, 拍马屁, 雍容, 魄力",0.103
山西,河南,"坚毅, 刚毅, 锐气, 凝重, 魄力, 胆识, 雍容, 非凡, 威风凛凛, 气量",1.094
山西,浙江,"好大喜功, 刚愎自用, 骁勇, 雍容, 硬汉, 谋反, 私心, 凝重, 气量, 猜忌",-0.456
山西,海南,"气量, 猜忌, 本分, 牛脾气, 呆板, 脾气, 古板, 谋略, 木讷, 锐气",-0.417
山西,湖北,"短处, 陋习, 雍容, 气量, 堂皇, 脾气, 不凡, 投机, 谋略, 惰性",-0.195
山西,湖南,"功德, 雍容, 骁勇, 脾气, 气量, 硬汉, 凝重, 趁火打劫, 虔诚, 威风凛凛",0.47
山西,澳门,"本分, 牛脾气, 木讷, 耿直, 气量, 脾气, 豪爽, 秉性, 德行, 骁勇",0.447
山西,甘肃,"古板, 气量, 渊博, 口才, 才华横溢, 风度翩翩, 正派, 素养, 牛脾气, 德高望重",1.024
山西,福建,"气量, 脾气, 短处, 骁勇, 雍容, 坚毅, 刚毅, 才华, 忸怩, 刚强",0.876
山西,西藏,"口才, 上进, 才华横溢, 才华, 才干, 锐气, 才气, 远见, 窝囊, 气量",1.177
山西,贵州,"锐气, 猜忌, 刚毅, 谋略, 骁勇, 踌躇满志, 坚毅, 毛遂自荐, 才华横溢, 牛脾气",0.991
山西,辽宁,"古板, 天才, 才干, 扯谎, 墨守成规, 性急, 忠烈, 迂腐, 寒微, 功德",0.048
山西,重庆,"骁勇, 正派, 才干, 寒微, 迂腐, 谋略, 英明, 忠烈, 蠢材, 品行",0.622
山西,陕西,"陋习, 短处, 人品, 气量, 才华横溢, 才华, 才干, 坦承, 才气, 牛脾气",0.687
山西,青海,"谋略, 才华横溢, 口才, 气量, 才华, 才气, 短处, 胆识, 上进, 才干",1.286
山西,香港,"牛脾气, 气量, 本分, 耿直, 木讷, 豪爽, 寒微, 脾气, 猜忌, 骁勇",0.109
山西,黑龙江,"忠烈, 忠孝, 谋略, 才干, 墨守成规, 爱民如子, 好大喜功, 贤良, 远见, 胆识",1.197
广东,上海,"义气, 忠义, 硬汉, 骁勇, 拍马屁, 谋反, 正气, 铁汉, 公义, 正气凛然",1.118
广东,东北,"倚赖, 锐意, 沉迷, 称职, 潦草, 忠孝, 拚命, 杰出, 恍惚, 善恶",0.343
广东,云南,"怀旧, 抄袭, 浮夸, 歧视, 迷信, 人情味, 念旧, 偏激, 硬汉, 中肯",-0.438
广东,内蒙古,"浮夸, 怀旧, 人情味, 拜金, 忠孝, 念旧, 中庸, 鬼才, 肤浅, 幼稚",0.044
广东,北京,"念旧, 求知欲, 好胜心, 义气, 恶霸, 主观, 见义勇为, 浮夸, 冲劲, 鬼才",0.595
广东,台湾,"铁汉, 机智, 寒微, 潇洒, 洒脱, 骁勇, 硬朗, 凶猛, 单调, 暴躁",0.411
广东,吉林,"浮夸, 怀旧, 义气, 肤浅, 恶霸, 念旧, 闻风丧胆, 倚赖, 婆妈, 人情味",-0.33
广东,四川,"浮夸, 怀旧, 主观, 准时, 迷信, 实用, 价值观, 拜金, 阔绰, 念旧",0.086
广东,天津,"善恶, 武断, 义气, 念旧, 浮夸, 果敢, 独力, 忠孝, 断章取义, 明快",0.495
广东,宁夏,"浮夸, 怀旧, 蹩脚, 肤浅, 斯文, 抄袭, 绅士, 拜金, 念旧, 鬼才",-0.265
广东,安徽,"怀旧, 浮夸, 纯正, 人情味, 独一无二, 独裁, 实用, 叛逆, 善恶, 中肯",0.295
广东,山东,"浮夸, 怀旧, 人情味, 主观, 明快, 拜金, 敷衍了事, 单调, 漠视, 感性",-0.305
广东,山西,"浮夸, 怀旧, 主观, 明快, 歧视, 幼稚, 念旧, 拚搏, 拜金, 感性",-0.078
广东,广西,"人情味, 怀旧, 乖僻, 斯文, 价值观, 义气, 潦草, 以牙还牙, 幽默, 诚信",0.671
广东,新疆,"忠孝, 义气, 浮夸, 泰然, 念旧, 在所不惜, 庸碌, 铁汉, 斯文, 拖泥带水",0.42
广东,江苏,"浮夸, 怀旧, 硬汉, 迷信, 黑心, 堂皇, 纯正, 义气, 人情味, 单调",-0.026
广东,江西,"纯正, 实用, 怀旧, 浮夸, 歧视, 完美, 讨厌, 慈善, 别扭, 抄袭",-0.106
广东,河北,"浮夸, 怀旧, 拜金, 人情味, 念旧, 浪漫, 肤浅, 感性, 明快, 粗枝大叶",0.131
广东,河南,"怀旧, 铁汉, 熟练, 灵活, 浪漫, 人情味, 独力, 感性, 华丽, 实用",1.162
广东,浙江,"铁汉, 浮夸, 纯正, 醇厚, 硬汉, 怀旧, 堂皇, 蹩脚, 肉麻, 义气",0.487
广东,海南,"实用, 歧视, 中庸, 抄袭, 怀旧, 幽默, 鄙视, 激进, 果断, 诚信",0.082
广东,湖北,"怀旧, 浮夸, 品味, 华丽, 价值观, 奢侈, 堂皇, 抄袭, 实践, 别出心裁",0.147
广东,湖南,"善恶, 单调, 铁汉, 实用, 硬汉, 浮夸, 迷信, 别扭, 纯正, 人情味",0.182
广东,澳门,"文静, 拖拉, 单调, 凶猛, 缺德, 木讷, 专一, 丧心病狂, 刁民, 迟钝",-0.958
广东,甘肃,"怀旧, 浮夸, 实用, 人情味, 抄袭, 绅士, 幽默, 蹩脚, 讨厌, 纯正",0.104
广东,福建,"浮夸, 奔放, 幽默, 实用, 单调, 铁汉, 一针见血, 浪漫, 诙谐, 准时",0.749
广东,西藏,"准时, 鄙视, 上进, 冲劲, 斯文, 口才, 锐意, 浮夸, 讨厌, 信誉",0.327
广东,贵州,"斯文, 怀旧, 以牙还牙, 铁汉, 硬汉, 正义感, 感性, 念旧, 激进, 公义",0.749
广东,辽宁,"浮夸, 偷工减料, 人情味, 怀旧, 离经叛道, 鬼才, 别出心裁, 肤浅, 迷信, 品味",-0.327
广东,重庆,"善恶, 武断, 抄袭, 正派, 迷信, 鄙视, 敏捷, 滥竽充数, 价值观, 明辨是非",-0.319
广东,陕西,"浮夸, 怀旧, 拜金, 迷信, 讨厌, 主观, 念旧, 人情味, 黑心, 歧视",-0.854
广东,青海,"浮夸, 鬼才, 以牙还牙, 鄙视, 幽默, 抄袭, 念旧, 怀旧, 一针见血, 歧视",-0.424
广东,香港,"专一, 念旧, 单调, 牛脾气, 文静, 薄情, 潦草, 机智, 风趣, 木讷",0.083
广东,黑龙江,"浮夸, 忠孝, 墨守成规, 念旧, 倚赖, 人情味, 变通, 阔绰, 庸碌, 仁义",0.228
广西,上海,"谋反, 骁勇, 英明, 悔恨, 招摇, 正气, 逞强, 爱民如子, 刁民, 私欲",-0.144
广西,东北,"悔恨, 称职, 短见, 恍惚, 倚赖, 慌张, 涣散, 镇静, 匆忙, 杰出",-0.288
广西,云南,"志愿, 迷信, 判断力, 主观, 抄袭, 持平, 自信心, 素质, 耐力, 偏激",0.126
广西,内蒙古,"短见, 忠烈, 幼稚, 浮夸, 忠孝, 拜金, 成熟, 迷信, 猖狂, 拚搏",-0.204
广西,北京,"逞强, 短见, 悔恨, 作恶多端, 恶霸, 目无法纪, 见义勇为, 一厢情愿, 贪心, 冲动",-1.264
广西,台湾,"寒微, 悔恨, 慌张, 机智, 骁勇, 镇静, 灰心, 胆识, 铁汉, 洒脱",0.355
广西,吉林,"招摇, 守约, 谋反, 恶霸, 昏庸, 欺压, 刁民, 果敢, 倚赖, 薄情",-1.113
广西,四川,"拚搏, 恍惚, 判断力, 称职, 主观, 目无法纪, 可耻, 敏捷, 迟钝, 狡辩",-0.225
广西,天津,"短见, 谋反, 果敢, 守约, 武断, 刁民, 英明, 鲁莽, 愚昧, 作恶多端",-0.69
广西,宁夏,"短见, 刁民, 机智, 敏捷, 华丽, 恶霸, 浮夸, 拚搏, 作恶多端, 目无法纪",-0.656
广西,安徽,"独一无二, 独特, 刁民, 独裁, 消极, 纯正, 浮夸, 稳定, 愚昧, 昏庸",-0.526
广西,山东,"浮夸, 主观, 目无法纪, 果敢, 招摇, 漠视, 一厢情愿, 单调, 恣意, 拚搏",-0.39
广西,山西,"拚搏, 主观, 浮夸, 成熟, 敏捷, 幼稚, 可耻, 独立, 短见, 丧心病狂",-0.216
广西,广东,"悔恨, 谋反, 短见, 镇静, 成熟, 邪念, 柔弱, 慌张, 持平, 招摇",-0.769
广西,新疆,"逞强, 镇静, 悔恨, 窝囊, 庸碌, 忠孝, 短见, 判断力, 持平, 忠烈",-0.092
广西,江苏,"招摇, 目无法纪, 刁民, 浮夸, 黑心, 拚搏, 迷信, 单调, 谋反, 作恶多端",-1.435
广西,江西,"完美, 成熟, 耐力, 独立, 坚强, 单纯, 纯正, 脆弱, 柔弱, 随便",0.939
广西,河北,"短见, 浮夸, 浪漫, 夸张, 拜金, 实践, 成熟, 奢侈, 风骚, 主观",-0.291
广西,河南,"成熟, 拚搏, 实践, 灵活, 熟练, 幽雅, 独力, 华丽, 浪漫, 镇静",1.405
广西,浙江,"谋反, 招摇, 目无法纪, 铁汉, 逞强, 醇厚, 守约, 昏庸, 一厢情愿, 蓄意",-0.634
广西,海南,"友爱, 果断, 舞弊, 短见, 实践, 偷工减料, 敷衍, 机智, 激进, 武断",-0.214
广西,湖北,"成熟, 实践, 刁民, 华丽, 素质, 幽雅, 荒唐, 奢侈, 单调, 独一无二",0.17
广西,湖南,"单调, 夸张, 功德, 善恶, 称职, 铁汉, 灰心, 作恶多端, 恍惚, 多心",-0.209
广西,澳门,"文静, 刁民, 丧心病狂, 缺德, 柔弱, 伶俐, 木讷, 单调, 狠毒, 耿直",-0.768
广西,甘肃,"幼稚, 浮夸, 浪漫, 抄袭, 丧心病狂, 单纯, 机智, 素质, 华丽, 敏捷",0.024
广西,福建,"奔放, 坚强, 花枝招展, 妩媚, 夸张, 招摇, 柔弱, 单调, 成熟, 活泼",0.291
广西,西藏,"优秀, 窝囊, 冲劲, 上进, 狡辩, 灰心, 称职, 泼妇, 口才, 实干",0.316
广西,贵州,"柔弱, 内奸, 公义, 判断力, 恍惚, 刁民, 一厢情愿, 谋反, 挑拨, 果敢",-0.549
广西,辽宁,"短见, 偷工减料, 称职, 守约, 招摇, 瞒骗, 拚命, 天才, 匆忙, 薄情",-0.361
广西,重庆,"敏捷, 谋反, 恍惚, 寒微, 英明, 败类, 武断, 优秀, 刁民, 判断力",-0.35
广西,陕西,"浮夸, 拚搏, 主观, 从良, 拜金, 迷信, 黑心, 敏捷, 坦承, 持平",-0.172
广西,青海,"素质, 刁民, 狡辩, 机智, 检点, 鬼才, 心计, 谋略, 称职, 口才",0.126
广西,香港,"文静, 单调, 刁民, 短见, 专一, 逞强, 寒微, 悔恨, 耿直, 机智",-0.228
广西,黑龙江,"忠烈, 忠孝, 倚赖, 英明, 刁民, 果敢, 胆识, 庸碌, 爱民如子, 浮夸",0.641
新疆,上海,"稚嫩, 野蛮, 邪恶, 谋反, 稳定, 骁勇, 硬汉, 英明, 独特, 实用",0.331
新疆,东北,"完美, 卓越, 锐意, 优秀, 可靠, 才能, 称职, 非凡, 细致, 独一无二",1.744
新疆,云南,"实用, 独立, 优秀, 团结, 卓越, 素质, 抄袭, 怀旧, 野蛮, 信誉",0.864
新疆,内蒙古,"成熟, 卓越, 完美, 怀旧, 团结, 独立, 风骚, 实用, 华丽, 独特",1.292
新疆,北京,"野蛮, 邪恶, 勤劳, 伟大, 邪念, 独立, 豪放, 稚嫩, 纯朴, 风骚",0.233
新疆,台湾,"豪放, 骁勇, 豪爽, 妩媚, 细心, 奔放, 调皮, 踏实, 淘气, 机智",1.199
新疆,吉林,"野蛮, 独立, 成熟, 优秀, 守约, 风骚, 稚嫩, 卓越, 团结, 稳定",1.001
新疆,四川,"卓越, 实用, 独立, 完美, 素质, 稳定, 优秀, 活跃, 准时, 野蛮",1.288
新疆,天津,"野蛮, 勤劳, 独立, 邪恶, 伟大, 果敢, 守约, 英明, 善良, 虔诚",1.158
新疆,宁夏,"华丽, 蹩脚, 团结, 成熟, 完美, 独立, 野蛮, 优秀, 风骚, 素质",0.766
新疆,安徽,"独特, 团结, 纯正, 独一无二, 独立, 野蛮, 完美, 稳定, 实用, 品质",1.299
新疆,山东,"成熟, 完美, 独立, 独特, 怀旧, 才能, 实用, 独一无二, 黑心, 纯真",1.105
新疆,山西,"独立, 成熟, 完美, 卓越, 邪恶, 纯洁, 怀旧, 风骚, 野蛮, 团结",0.706
新疆,广东,"成熟, 野蛮, 独立, 完美, 善良, 天真无邪, 贪婪, 邪恶, 能干, 妩媚",0.489
新疆,广西,"野蛮, 团结, 完美, 独立, 邪恶, 卓越, 仔细, 实用, 尊敬, 细致",1.056
新疆,江苏,"野蛮, 团结, 纯正, 黑心, 独特, 纯朴, 淳朴, 硬汉, 实用, 朴实",0.856
新疆,江西,"完美, 独立, 实用, 纯正, 成熟, 野蛮, 随便, 脆弱, 邪恶, 独特",0.408
新疆,河北,"独立, 成熟, 独特, 浪漫, 怀旧, 风骚, 夸张, 朴素, 华丽, 伟大",0.959
新疆,河南,"成熟, 独特, 独立, 细致, 细腻, 熟练, 完美, 灵活, 华丽, 卓越",1.546
新疆,浙江,"野蛮, 纯正, 邪恶, 完美, 稚嫩, 脆弱, 成熟, 淫乱, 淫荡, 团结",-0.27
新疆,海南,"团结, 独立, 实用, 野蛮, 可靠, 随便, 邪恶, 果断, 稳定, 纯正",0.767
新疆,湖北,"完美, 独立, 独特, 成熟, 华丽, 野蛮, 素质, 独一无二, 卓越, 优秀",1.254
新疆,湖南,"完美, 野蛮, 实用, 邪恶, 纯正, 夸张, 堕落, 独立, 顺手牵羊, 仔细",-0.01
新疆,澳门,"野蛮, 朴实, 缺德, 文静, 本分, 豪放, 能干, 老实, 厚道, 善良",0.787
新疆,甘肃,"实用, 卓越, 完美, 独立, 纯正, 华丽, 怀旧, 优秀, 独特, 信誉",1.62
新疆,福建,"完美, 实用, 成熟, 野蛮, 妩媚, 团结, 随便, 奔放, 纯洁, 夸张",0.78
新疆,西藏,"优秀, 卓越, 信誉, 准时, 素质, 上进, 锐意, 能干, 诚信, 泼妇",1.338
新疆,贵州,"邪恶, 野蛮, 稚嫩, 独立, 优秀, 温柔, 完美, 善良, 宁静, 正义",0.97
新疆,辽宁,"独立, 成熟, 独特, 手巧, 邪恶, 随便, 独一无二, 勤劳, 卓越, 黑心",0.673
新疆,重庆,"优秀, 野蛮, 完美, 卓越, 独立, 稳定, 实用, 素质, 仔细, 邪恶",0.924
新疆,陕西,"完美, 独立, 卓越, 实用, 怀旧, 素质, 黑心, 成熟, 华丽, 纯正",1.029
新疆,青海,"素质, 卓越, 独立, 优秀, 实用, 完美, 风骚, 抄袭, 蹩脚, 准时",0.712
新疆,香港,"手巧, 豪放, 拿手, 专一, 调皮, 朴实, 文静, 单调, 本分, 妩媚",0.969
新疆,黑龙江,"卓越, 团结, 英明, 独一无二, 实践, 伟大, 风骚, 堂皇, 毛遂自荐, 勤劳",1.304
江苏,上海,"迟疑, 本能, 慌忙, 退缩, 成竹在胸, 慌张, 惶恐, 忸怩, 沉默, 自豪",-0.324
江苏,东北,"心不在焉, 慌张, 迟疑, 踌躇, 恍惚, 卓越, 成竹在胸, 怀疑, 笃定, 天才",0.061
江苏,云南,"判断力, 卓越, 据理力争, 口才, 优秀, 志愿, 被动, 主动, 偏心, 嫉妒",0.616
江苏,内蒙古,"远见, 天才, 卓越, 乐天, 主动, 据理力争, 耿耿于怀, 幸灾乐祸, 心不在焉, 从容不迫",0.704
江苏,北京,"主动, 被动, 成竹在胸, 本能, 冲动, 求知欲, 矜持, 耿耿于怀, 慌张, 心软",0.084
江苏,台湾,"慌张, 寒微, 踌躇, 文静, 警惕, 迟疑, 博学, 急躁, 灰心, 谨慎",-0.223
江苏,吉林,"据理力争, 心软, 矜持, 依赖, 主动, 镇定, 薄情, 笃定, 佩服, 迂腐",0.317
江苏,四川,"迟钝, 卓越, 判断力, 恍惚, 嫉妒, 本能, 呆滞, 局促, 心不在焉, 敏锐",-0.312
江苏,天津,"决断, 敏捷, 鲁莽, 敏锐, 短见, 远见, 迟疑, 迟钝, 袖手旁观, 心软",-0.214
江苏,宁夏,"主动, 冒昧, 矜持, 天资, 唐突, 敏捷, 天才, 随机应变, 斯文, 德行",0.72
江苏,安徽,"乐天, 被动, 卓越, 独一无二, 嫉妒, 独立, 品质, 浪费, 骄傲, 锐意",0.444
江苏,山东,"淡漠, 听天由命, 成竹在胸, 泰然, 认命, 心不在焉, 漫不经心, 笃定, 恍惚, 迟钝",-0.33
江苏,山西,"独立, 主动, 卓越, 仔细, 敏捷, 专注, 迟钝, 果断, 被动, 优雅",1.087
江苏,广东,"忸怩, 主动, 迟疑, 矜持, 警惕, 沉默, 退缩, 成竹在胸, 冷静, 算计",0.089
江苏,广西,"主动, 认真, 仔细, 谦让, 忸怩, 沉默, 慢条斯理, 谨慎, 矜持, 局促",0.664
江苏,新疆,"从容不迫, 置身事外, 冷静, 袖手旁观, 决断, 退缩, 镇定, 成竹在胸, 迟疑, 局促",0.185
江苏,江西,"温柔, 独立, 主动, 完美, 被动, 沉默, 卓越, 仔细, 嫉妒, 变态",0.477
江苏,河北,"主动, 矜持, 心不在焉, 依赖, 殷勤, 慢条斯理, 拜金, 细心, 含蓄, 浪漫",0.339
江苏,河南,"主动, 冷静, 仔细, 敏锐, 细心, 卓越, 慢条斯理, 被动, 细致, 本能",1.03
江苏,浙江,"害羞, 迟疑, 忸怩, 矜持, 沉默, 骄傲, 讨好, 小心翼翼, 心不在焉, 嫉妒",-0.487
江苏,海南,"主动, 果断, 矜持, 沉默, 谦让, 认真, 心软, 耐心, 慎重, 被动",0.868
江苏,湖北,"仔细, 卓越, 独立, 优秀, 主动, 素质, 心不在焉, 认命, 慢条斯理, 从良",0.859
江苏,湖南,"迟疑, 多心, 仔细, 冷静, 妥协, 认命, 干脆, 沉默, 主动, 挑剔",-0.017
江苏,澳门,"文静, 本分, 迟钝, 心软, 木讷, 德行, 本能, 主动, 果断, 专一",0.468
江苏,甘肃,"卓越, 冒昧, 优秀, 信誉, 专注, 变态, 冷静, 果断, 随机应变, 纯情",1.049
江苏,福建,"矜持, 忸怩, 妩媚, 沉默, 害羞, 主动, 嫉妒, 骄傲, 冷静, 局促",-0.008
江苏,西藏,"主动, 优秀, 卓越, 上进, 泼妇, 鄙视, 远见, 心不在焉, 口才, 幸灾乐祸",0.374
江苏,贵州,"冷静, 本能, 沉默, 嫉妒, 温柔, 主动, 敏锐, 认命, 镇定, 以牙还牙",0.308
江苏,辽宁,"慢条斯理, 心不在焉, 天才, 主动, 认命, 迟疑, 矜持, 漫不经心, 忸怩, 嫉妒",-0.213
江苏,重庆,"迟疑, 迟钝, 优秀, 敏捷, 卓越, 仔细, 敏锐, 判断力, 坚决, 呆滞",0.627
江苏,陕西,"卓越, 从良, 迟钝, 独立, 敏捷, 拜金, 判断力, 体贴入微, 知足常乐, 志愿",0.865
江苏,青海,"卓越, 随机应变, 以牙还牙, 据理力争, 口才, 诡辩, 鄙视, 素质, 优秀, 迟钝",0.286
江苏,香港,"文静, 本分, 心软, 专一, 谦让, 木讷, 成竹在胸, 腼腆, 博学, 忸怩",0.798
江苏,黑龙江,"远见, 随机应变, 矜持, 决断, 心不在焉, 巴结, 成竹在胸, 卓越, 忠烈, 忠孝",1.054
江西,上海,"谋反, 爱民如子, 好大喜功, 英明, 拍马屁, 私欲, 慌忙, 目无法纪, 忠烈, 踌躇满志",-0.129
江西,东北,"拖延, 短见, 潦草, 涣散, 匆忙, 忠烈, 庸碌, 慌张, 杰出, 徇私",-0.603
江西,云南,"判断力, 主观, 武断, 墨守成规, 倚老卖老, 拖拉, 好胜心, 志愿, 念旧, 诡辩",-0.269
江西,内蒙古,"忠烈, 好胜心, 忠孝, 短见, 迂腐, 求知欲, 倚老卖老, 念旧, 远见, 庸碌",0.241
江西,北京,"求知欲, 好胜心, 目无法纪, 短见, 见义勇为, 念旧, 莽撞, 拖泥带水, 鲁钝, 贪欲",-0.434
江西,台湾,"寒微, 机智, 洒脱, 耿直, 慌张, 豪爽, 实干, 癫狂, 博学, 机灵",0.734
江西,吉林,"迂腐, 招摇, 忠烈, 昏庸, 目无法纪, 谋反, 爱民如子, 拖泥带水, 念旧, 据理力争",-0.409
江西,四川,"判断力, 目无法纪, 拖拉, 主观, 迟钝, 上进, 财迷心窍, 武断, 迂腐, 明察秋毫",-0.401
江西,天津,"短见, 武断, 谋反, 目无法纪, 爱民如子, 无知, 拖泥带水, 愚昧, 好胜心, 求知欲",-0.683
江西,宁夏,"潦草, 拖拉, 机智, 目无法纪, 辩才, 好胜心, 风趣, 阔绰, 短见, 诡辩",-0.201
江西,安徽,"好大喜功, 目无法纪, 愚昧, 昏庸, 叛逆, 独裁, 主观, 情绪化, 求知欲, 消极",-1.134
江西,山东,"目无法纪, 主观, 敷衍了事, 漠视, 潦草, 明快, 招摇, 懵懂, 粗枝大叶, 判断力",-0.627
江西,山西,"主观, 目无法纪, 短见, 判断力, 拖拉, 明快, 念旧, 幼稚, 见义勇为, 拖泥带水",-0.143
江西,广东,"莽撞, 冒失, 短见, 耿直, 悲天悯人, 谄媚, 才干, 谋反, 慌忙, 贪欲",-0.918
江西,广西,"求知欲, 潦草, 迂腐, 顽固, 旗帜鲜明, 鲁钝, 邋遢, 古板, 博学, 明察秋毫",-0.07
江西,新疆,"庸碌, 拖泥带水, 忠孝, 判断力, 迂腐, 决断, 拖延, 明察秋毫, 忠烈, 好胜心",0.249
江西,江苏,"目无法纪, 好大喜功, 招摇, 潦草, 愚昧, 诙谐, 廉洁, 爱民如子, 昏庸, 耿直",-0.336
江西,河北,"短见, 粗枝大叶, 求知欲, 念旧, 肤浅, 拜金, 拖泥带水, 主观, 明快, 武断",-0.325
江西,河南,"粗枝大叶, 主观, 老练, 目无法纪, 判断力, 迟钝, 专心致志, 娴熟, 呆滞, 实干",0.201
江西,浙江,"目无法纪, 好大喜功, 谋反, 莽撞, 招摇, 昏庸, 冒失, 刚愎自用, 私欲, 好色",-1.793
江西,海南,"拖拉, 拖泥带水, 潦草, 武断, 呆板, 诙谐, 木讷, 激进, 迂腐, 舞弊",-1.015
江西,湖北,"目无法纪, 主观, 陋习, 短见, 实践, 荒唐, 实干, 铤而走险, 刁民, 检点",-0.749
江西,湖南,"功德, 善恶, 目无法纪, 阔绰, 潦草, 为富不仁, 平庸, 庸碌, 逍遥自在, 铤而走险",-0.468
江西,澳门,"木讷, 耿直, 拖拉, 鲁钝, 文静, 本分, 拖泥带水, 牛脾气, 粗枝大叶, 迟钝",-0.449
江西,甘肃,"明察秋毫, 机智, 判断力, 风趣, 诡辩, 潦草, 拖泥带水, 阔绰, 幼稚, 念旧",0.264
江西,福建,"风趣, 耿直, 诙谐, 性急, 豪放, 机智, 木讷, 洒脱, 招摇, 坦率",0.683
江西,西藏,"上进, 倚老卖老, 远见, 实干, 判断力, 拖泥带水, 冲劲, 才华横溢, 拖拉, 据理力争",0.709
江西,贵州,"判断力, 好胜心, 明察秋毫, 决断, 机智, 踌躇满志, 正义感, 正气凛然, 血气方刚, 庸碌",1.124
江西,辽宁,"短见, 匆忙, 判断力, 离经叛道, 粗枝大叶, 性急, 拖拉, 铤而走险, 拖泥带水, 求知欲",-0.674
江西,重庆,"迂腐, 判断力, 武断, 寒微, 徇私舞弊, 明察秋毫, 迟钝, 正气凛然, 英明, 鲁钝",-0.178
江西,陕西,"粗枝大叶, 主观, 判断力, 目无法纪, 阔绰, 念旧, 志愿, 陋习, 机智, 拜金",-0.059
江西,青海,"诡辩, 判断力, 机智, 上进, 风趣, 才华横溢, 迂腐, 据理力争, 检点, 念旧",0.713
江西,香港,"耿直, 木讷, 牛脾气, 本分, 文静, 专一, 机智, 风趣, 潦草, 性急",0.431
江西,黑龙江,"忠孝, 忠烈, 墨守成规, 庸碌, 远见, 爱民如子, 迂腐, 拘泥, 英明, 好大喜功",0.344
河北,上海,"谋反, 骁勇, 刚毅, 踌躇满志, 忠义, 坚毅, 正气, 诡计, 慌忙, 私欲",0.541
河北,东北,"锐意, 失信, 涣散, 拖延, 重蹈覆辙, 沉迷, 杰出, 踌躇, 灰心, 不忍",-0.613
河北,云南,"耐力, 口才, 志愿, 硬朗, 抄袭, 本分, 硬汉, 歧视, 仁爱, 才华",0.656
河北,内蒙古,"中庸, 忠烈, 锐意, 正派, 进取, 齐心, 心术, 忠孝, 警醒, 抱负",1.235
河北,北京,"进取, 逞强, 骁勇, 见义勇为, 邪念, 才干, 锐气, 良善, 志愿, 退缩",0.762
河北,台湾,"耐力, 寒微, 骁勇, 硬朗, 刚毅, 坚毅, 警惕, 灰心, 警醒, 稳妥",0.828
河北,吉林,"谋反, 浑水摸鱼, 闻风丧胆, 趁火打劫, 骁勇, 猜忌, 失信, 侠义, 忠义, 昏庸",-0.65
河北,四川,"耐力, 硬朗, 本分, 损人利己, 浑水摸鱼, 局促, 品行, 上进, 财迷心窍, 敏捷",0.13
河北,天津,"谋反, 骁勇, 失信, 谋略, 敏捷, 杰出, 本分, 善恶, 舞弊, 疏忽",-0.006
河北,宁夏,"辩才, 才华, 口才, 正派, 端正, 天资, 志愿, 浑水摸鱼, 才华横溢, 蓄意",0.989
河北,安徽,"浑水摸鱼, 锐意, 重蹈覆辙, 气量, 滥竽充数, 稳定, 趁火打劫, 上下一心, 耐力, 利己",-0.254
河北,山东,"乘虚而入, 沉迷, 蓄意, 涣散, 警醒, 稳妥, 踏实, 浑水摸鱼, 瞒骗, 恣意",-0.558
河北,山西,"敏捷, 蓄意, 歧视, 耐力, 欺诈, 志愿, 仁爱, 流畅, 灵活, 抄袭",0.049
河北,广东,"气量, 本分, 警惕, 坚毅, 退缩, 短处, 胆怯, 诡诈, 诡计, 刚毅",-0.21
河北,广西,"本分, 气量, 诡诈, 心术, 趁火打劫, 警惕, 守望相助, 短处, 局促, 顽固",-0.495
河北,新疆,"失信, 拖延, 庸碌, 局促, 退缩, 气量, 置身事外, 沽名钓誉, 忠义, 警醒",-0.703
河北,江苏,"硬汉, 硬朗, 诡诈, 滥竽充数, 好大喜功, 正派, 浑水摸鱼, 正气, 正直, 气量",0.189
河北,江西,"耐力, 完美, 坚持, 歧视, 实用, 纯正, 公平, 稳定, 仁爱, 脆弱",0.965
河北,河南,"耐力, 灵活, 刚毅, 稳妥, 坚毅, 冷静, 敏捷, 灵巧, 锐意, 镇定",1.461
河北,浙江,"硬朗, 诡诈, 刚毅, 谋反, 蓄意, 刚愎自用, 虚张声势, 硬汉, 骁勇, 背弃",-0.292
河北,海南,"本分, 仁爱, 中庸, 欺诈, 猜忌, 气量, 呆板, 内向, 稳重, 厚道",0.19
河北,湖北,"耐力, 素质, 警醒, 公平, 敏捷, 素养, 优秀, 损人利己, 短处, 抄袭",0.247
河北,湖南,"耐力, 趁火打劫, 硬朗, 浑水摸鱼, 骁勇, 本分, 硬汉, 功德, 善恶, 背弃",0.322
河北,澳门,"本分, 厚道, 缺德, 木讷, 刚强, 刚毅, 耐力, 牛脾气, 德行, 气量",0.451
河北,甘肃,"抄袭, 耐力, 口才, 欺诈, 实用, 冒昧, 优秀, 敏捷, 素质, 诚信",0.433
河北,福建,"耐力, 气量, 刚毅, 硬朗, 刚强, 局促, 坚毅, 才华, 口才, 短处",1.013
河北,西藏,"口才, 上进, 锐意, 才华, 优秀, 进取, 才华横溢, 灰心, 本分, 才干",1.397
河北,贵州,"刚毅, 浑水摸鱼, 坚毅, 本分, 踌躇满志, 趁火打劫, 锐气, 内奸, 挑拨, 耐力",0.051
河北,辽宁,"瞒骗, 局促, 失信, 浑水摸鱼, 诡诈, 欺骗, 涣散, 蓄意, 欺诈, 古板",-1.663
河北,重庆,"耐力, 正派, 趁火打劫, 本分, 骁勇, 敏捷, 滥竽充数, 刚毅, 浑水摸鱼, 寒微",0.175
河北,陕西,"耐力, 志愿, 敏捷, 沉迷, 歧视, 本分, 瞒骗, 内向, 素质, 黑心",-0.37
河北,青海,"口才, 谋略, 才华横溢, 诡辩, 素质, 才华, 变通, 上进, 抄袭, 随机应变",0.692
河北,香港,"本分, 牛脾气, 气量, 专一, 刚毅, 耐力, 厚道, 志向, 木讷, 刚强",0.983
河北,黑龙江,"忠烈, 进取, 才干, 忠孝, 谋略, 辩才, 庸碌, 抱负, 墨守成规, 忠义",1.174
河南,上海,"谋反, 昏庸, 爱民如子, 好大喜功, 忠义, 仁义, 夸大, 失信, 猜忌, 招摇",-0.536
河南,东北,"失信, 重蹈覆辙, 夸大, 灰心, 辩才, 忠烈, 悔恨, 庸碌, 怀疑, 慌张",-0.819
河南,云南,"贬低, 诚信, 倚老卖老, 缺德, 抄袭, 口才, 博爱, 昏庸, 仁爱, 信誉",-0.168
河南,内蒙古,"倚老卖老, 德行, 中庸, 忠孝, 忠烈, 仁义, 迂腐, 昏庸, 诚信, 夸大",0.265
河南,北京,"逞强, 鲁钝, 贪欲, 作恶多端, 耿耿于怀, 贪心, 鲁莽, 爱民如子, 敬重, 见义勇为",-0.376
河南,台湾,"失信, 寒微, 博学, 豪爽, 灰心, 骁勇, 耿直, 洒脱, 慌张, 窝囊",0.034
河南,吉林,"昏庸, 招摇, 失信, 迂腐, 仁义, 谋反, 忘恩负义, 背信弃义, 猜忌, 爱民如子",-1.062
河南,四川,"缺德, 倚老卖老, 失信, 财迷心窍, 本分, 古板, 断章取义, 忘恩负义, 徇私舞弊, 品行",-1.301
河南,天津,"忘恩负义, 失信, 谋反, 武断, 昏庸, 爱民如子, 愚昧, 无知, 鲁莽, 英明",-0.976
河南,宁夏,"辩才, 德行, 昏庸, 仁义, 正派, 贬低, 渊博, 诡辩, 缺德, 敬重",0.244
河南,安徽,"昏庸, 刚愎自用, 重蹈覆辙, 滥竽充数, 好大喜功, 失信, 团结, 博爱, 仁爱, 愚昧",-0.785
河南,山东,"招摇, 浮夸, 善忘, 断章取义, 失信, 敷衍了事, 无理, 昏庸, 健忘, 欺诈",-1.617
河南,山西,"诚信, 浮夸, 博爱, 歧视, 宽恕, 断章取义, 仁爱, 缺德, 良知, 欺诈",-0.119
河南,广东,"本分, 德行, 谦卑, 沽名钓誉, 猜忌, 气量, 背信弃义, 失信, 宽恕, 吹嘘",-0.467
河南,广西,"失信, 诚信, 顽固, 德行, 本分, 谦卑, 沽名钓誉, 背信弃义, 仁爱, 欺诈",-0.32
河南,新疆,"失信, 忠孝, 沽名钓誉, 庸碌, 窝囊, 迂腐, 守信, 敬重, 忠义, 鲁钝",-0.094
河南,江苏,"昏庸, 失信, 好大喜功, 招摇, 夸大, 刚愎自用, 悔改, 淫乱, 断章取义, 愚昧",-1.58
河南,江西,"仁爱, 歧视, 诚信, 随便, 慈善, 欺诈, 背叛, 夸大, 博爱, 缺德",-0.219
河南,河北,"浮夸, 断章取义, 短见, 忘恩负义, 无知, 做作, 粗俗, 博爱, 耿耿于怀, 节俭",-0.991
河南,浙江,"刚愎自用, 昏庸, 淫乱, 谋反, 好大喜功, 贬低, 夸大, 招摇, 信口开河, 断章取义",-1.761
河南,海南,"诚信, 本分, 博爱, 猜忌, 仁爱, 欺诈, 中庸, 德行, 谦让, 呆板",0.414
河南,湖北,"缺德, 公德, 抄袭, 贬低, 素质, 昏庸, 素养, 荒唐, 欺诈, 刁民",-1.075
河南,湖南,"功德, 失信, 昏庸, 夸大, 背信弃义, 吹牛, 善恶, 吹嘘, 本分, 慈悲",-0.57
河南,澳门,"本分, 缺德, 德行, 耿直, 厚道, 鲁钝, 牛脾气, 絮叨, 木讷, 豪爽",-0.0
河南,甘肃,"诚信, 信誉, 抄袭, 倚老卖老, 缺德, 博爱, 诡辩, 幽默, 古板, 欺诈",-0.381
河南,福建,"气量, 招摇, 失信, 公德, 幽默, 耿直, 口才, 刚愎自用, 德行, 媚俗",-0.05
河南,西藏,"倚老卖老, 诚信, 口才, 信誉, 失信, 窝囊, 上进, 贬低, 泼妇, 刻薄",-0.376
河南,贵州,"德行, 猜忌, 本分, 背信弃义, 挑拨, 贬低, 公义, 失信, 仁厚, 正派",-0.261
河南,辽宁,"失信, 夸大, 招摇, 忘恩负义, 扯谎, 多嘴, 狭隘, 古板, 鲁钝, 信口开河",-1.576
河南,重庆,"缺德, 正派, 迂腐, 忘恩负义, 败类, 本分, 武断, 背信弃义, 徇私舞弊, 滥竽充数",-1.373
河南,陕西,"博爱, 诚信, 浮夸, 缺德, 歧视, 信誉, 黑心, 失信, 夸大, 慈善",-0.404
河南,青海,"诡辩, 口才, 贬低, 诚信, 缺德, 素质, 昏庸, 抄袭, 失信, 口出狂言",-0.977
河南,香港,"本分, 牛脾气, 耿直, 专一, 缺德, 失信, 谦让, 心软, 博学, 猜忌",0.128
河南,黑龙江,"忠孝, 仁义, 昏庸, 失信, 忠烈, 爱民如子, 辩才, 墨守成规, 贤良, 吹嘘",0.559
浙江,上海,"志愿, 志向, 踌躇满志, 求知欲, 本分, 逍遥, 谋略, 乐观, 持平, 舞弊",0.94
浙江,东北,"志愿, 卓越, 锐意, 杰出, 辩才, 平常心, 审慎, 可靠, 天才, 拖延",1.273
浙江,云南,"志愿, 信誉, 诚信, 专一, 卓越, 歧视, 上进, 判断力, 素质, 冲劲",1.18
浙江,内蒙古,"平常心, 卓越, 魄力, 中庸, 人情味, 好胜心, 拜金, 上进, 远见, 求知欲",1.059
浙江,北京,"志愿, 求知欲, 冲劲, 好胜心, 胸襟, 乐观, 见义勇为, 拖泥带水, 胆识, 使命感",1.229
浙江,台湾,"寒微, 博学, 胆识, 洒脱, 乐观, 志愿, 机智, 耐力, 毅力, 实干",1.425
浙江,吉林,"志愿, 卓越, 据理力争, 迂腐, 勾心斗角, 果断, 侠义, 辩才, 负心, 势利",0.187
浙江,四川,"志愿, 卓越, 判断力, 惰性, 上进, 信誉, 一视同仁, 耐力, 积极, 素质",1.234
浙江,天津,"志愿, 善恶, 胆识, 果敢, 敏捷, 杰出, 使命感, 魄力, 决断, 求知欲",1.425
浙江,宁夏,"志愿, 辩才, 渊博, 阔绰, 博学, 敏捷, 信誉, 悟性, 才气, 素质",1.343
浙江,安徽,"志愿, 卓越, 锐意, 惰性, 人情味, 信誉, 独立, 善恶, 魄力, 乐观",1.172
浙江,山东,"平常心, 志愿, 人情味, 听天由命, 积极, 阔绰, 果敢, 明朗, 悟性, 务实",1.218
浙江,山西,"志愿, 独立, 卓越, 积极, 敏捷, 拚搏, 歧视, 诚信, 果断, 平常心",1.334
浙江,广东,"志愿, 能干, 本分, 乐观, 置身事外, 博学, 努力, 胸襟, 才干, 气量",1.359
浙江,广西,"诚信, 博学, 志愿, 惰性, 卓越, 审慎, 信誉, 一视同仁, 求知欲, 达观",1.367
浙江,新疆,"决断, 拖泥带水, 平常心, 置身事外, 判断力, 志愿, 气节, 明察秋毫, 胆识, 听天由命",0.581
浙江,江苏,"志愿, 乐观, 善恶, 拚搏, 实干, 黑心, 积极, 人情味, 辩才, 果敢",1.167
浙江,江西,"卓越, 独立, 歧视, 耐力, 公平, 志愿, 好学, 恒心, 一视同仁, 坚持",1.349
浙江,河北,"拜金, 求知欲, 人情味, 实践, 独立, 懒虫, 平常心, 魄力, 卓越, 阔绰",0.866
浙江,河南,"卓越, 志愿, 敏锐, 手巧, 实践, 魄力, 灵活, 细心, 熟练, 果断",1.513
浙江,海南,"志愿, 果断, 诚信, 可靠, 专一, 信誉, 积极, 本分, 歧视, 上进",1.396
浙江,湖北,"卓越, 实践, 素质, 独立, 志愿, 公平, 惰性, 从良, 素养, 敏捷",0.996
浙江,湖南,"善恶, 志愿, 卓越, 平常心, 功德, 耐力, 悟性, 听天由命, 阔绰, 流畅",1.048
浙江,澳门,"本分, 专一, 志愿, 厚道, 果断, 博学, 文静, 拖泥带水, 能干, 拖拉",0.99
浙江,甘肃,"卓越, 志愿, 信誉, 诚信, 专一, 素质, 人情味, 悟性, 果断, 平常心",1.531
浙江,福建,"毅力, 耐力, 恒心, 魄力, 卓越, 乐观, 洒脱, 专一, 气量, 果断",1.639
浙江,西藏,"志愿, 上进, 信誉, 卓越, 诚信, 冲劲, 口才, 优秀, 倚老卖老, 泼妇",1.052
浙江,贵州,"志愿, 判断力, 以牙还牙, 敏锐, 平常心, 志向, 冲劲, 果断, 一视同仁, 决断",1.061
浙江,辽宁,"手巧, 天才, 卓越, 志愿, 信誉, 人情味, 鬼才, 判断力, 辩才, 求知欲",1.522
浙江,重庆,"志愿, 卓越, 敏捷, 判断力, 优秀, 上进, 气节, 善恶, 一视同仁, 敏锐",1.394
浙江,陕西,"志愿, 卓越, 平常心, 从良, 专一, 拜金, 信誉, 知足常乐, 诚信, 歧视",0.942
浙江,青海,"志愿, 卓越, 素质, 上进, 以牙还牙, 鬼才, 口才, 随机应变, 信誉, 诚信",1.283
浙江,香港,"志愿, 专一, 本分, 博学, 手巧, 志向, 牛脾气, 厚道, 文静, 气节",1.225
浙江,黑龙江,"胆识, 辩才, 魄力, 远见, 墨守成规, 随机应变, 卓越, 忠烈, 忠孝, 决断",1.446
海南,上海,"谋反, 夸口, 爱民如子, 守约, 逍遥自在, 踌躇满志, 私欲, 好大喜功, 英明, 逞强",0.174
海南,东北,"恍惚, 拚命, 沉迷, 倚赖, 非凡, 涣散, 坦承, 依从, 镇静, 悉心",0.084
海南,云南,"不切实际, 守约, 公义, 好胜心, 敏捷, 耐力, 硬汉, 拚搏, 工作狂, 主观",0.818
海南,内蒙古,"乐天, 好胜心, 拚命, 从良, 逍遥自在, 花里胡哨, 知足常乐, 泰然, 拜金, 嗤之以鼻",0.276
海南,北京,"逞强, 好胜心, 见义勇为, 拚命, 贪欲, 守约, 胸襟, 贪心, 求知欲, 悲天悯人",0.175
海南,台湾,"寒微, 洒脱, 镇静, 悉心, 豪爽, 好客, 豪放, 豪迈, 守约, 见义勇为",1.348
海南,吉林,"守约, 招摇, 逍遥自在, 拚命, 倚赖, 恣意, 爱民如子, 恶霸, 花里胡哨, 昏庸",-0.206
海南,四川,"恍惚, 不切实际, 拚搏, 慈善, 体贴入微, 逍遥自在, 周到, 敏捷, 热情洋溢, 见义勇为",1.135
海南,天津,"守约, 爱民如子, 忘恩负义, 英明, 逍遥, 敏捷, 谋反, 胸襟, 好胜心, 功德",0.689
海南,宁夏,"逍遥自在, 拚命, 卖弄, 辩才, 蹩脚, 敏捷, 本领, 从良, 才华横溢, 好胜心",0.605
海南,安徽,"乐天, 独一无二, 逍遥自在, 不切实际, 独特, 情绪化, 祥和, 好客, 品质, 脆弱",0.662
海南,山东,"恣意, 逍遥自在, 坦承, 沉迷, 恍惚, 悉心, 浮夸, 善忘, 漠视, 一厢情愿",-0.294
海南,山西,"拚搏, 逍遥自在, 恣意, 敏捷, 花里胡哨, 浮夸, 守约, 多情, 主观, 乐天",0.455
海南,广东,"夸口, 恣意, 不切实际, 忸怩, 胸怀, 悲天悯人, 逍遥自在, 逍遥, 雍容, 据为己有",-0.214
海南,广西,"乐天, 好客, 悲天悯人, 踌躇满志, 胸怀, 逍遥自在, 胸襟, 周全, 达观, 柔和",1.101
海南,新疆,"逍遥自在, 逞强, 镇静, 置身事外, 拚命, 周全, 庸碌, 在所不惜, 失信, 泰然",0.036
海南,江苏,"逍遥自在, 好客, 招摇, 好大喜功, 不切实际, 酗酒, 恣意, 花里胡哨, 拚搏, 目无法纪",-0.541
海南,江西,"脆弱, 完美, 乐天, 慈善, 独一无二, 温柔, 耐力, 温驯, 品质, 守约",1.251
海南,河北,"乐天, 懒虫, 浪漫, 粗枝大叶, 好客, 逍遥自在, 多情, 浮夸, 拜金, 花里胡哨",-0.035
海南,河南,"悉心, 逍遥自在, 浪漫, 乐天, 从良, 拚搏, 敏感, 守约, 坦承, 细腻",1.164
海南,浙江,"酗酒, 守约, 不切实际, 恣意, 脆弱, 温驯, 好大喜功, 招摇, 铁汉, 淫乱",-0.667
海南,湖北,"不切实际, 从良, 独一无二, 逍遥自在, 荒唐, 别出心裁, 完美, 华丽, 守约, 奢侈",0.58
海南,湖南,"逍遥自在, 功德, 夸口, 逍遥, 雍容, 虔诚, 恍惚, 本领, 慈悲, 古怪",0.651
海南,澳门,"文静, 懒虫, 豪迈, 秉性, 豪爽, 逞强, 豪放, 絮叨, 刚强, 柔弱",0.475
海南,甘肃,"浪漫, 乐天, 独一无二, 逍遥自在, 体贴入微, 蹩脚, 好客, 懒虫, 癖好, 敏捷",0.701
海南,福建,"恣意, 逍遥自在, 奔放, 花枝招展, 多情, 坚强, 热情洋溢, 豪放, 脆弱, 放荡",0.393
海南,西藏,"才华横溢, 倚老卖老, 才华, 踌躇满志, 佩服, 乐天, 守约, 泼妇, 浑蛋, 上进",0.734
海南,贵州,"懒虫, 恍惚, 踌躇满志, 拚命, 公义, 从良, 热情洋溢, 温柔, 好胜心, 宁静",0.734
海南,辽宁,"拚命, 守约, 逍遥自在, 恣意, 别出心裁, 瞒骗, 乐天, 慈善, 离经叛道, 装模作样",0.27
海南,重庆,"恍惚, 敏捷, 古怪, 英明, 荒谬, 柔和, 寒微, 明辨是非, 拚搏, 蠢材",0.101
海南,陕西,"坦承, 从良, 乐天, 拚搏, 逍遥自在, 懒虫, 知足常乐, 慈善, 体贴入微, 浪漫",1.316
海南,青海,"坦承, 才华横溢, 鬼才, 守约, 素质, 从良, 乐天, 知足常乐, 以牙还牙, 蹩脚",0.93
海南,香港,"豪放, 逞强, 文静, 守约, 牛脾气, 志向, 拿手, 好客, 豪迈, 寒微",0.76
海南,黑龙江,"爱民如子, 不切实际, 倚赖, 英明, 依从, 忠孝, 守约, 逍遥自在, 夸口, 忠烈",0.917
湖北,上海,"忠义, 骁勇, 谋反, 刚毅, 忠烈, 退缩, 忠心, 挺身而出, 义气, 敬重",1.369
湖北,东北,"涣散, 拖延, 忠烈, 慌张, 失信, 惶恐, 徇私, 踌躇, 拚命, 匆忙",-0.769
湖北,云南,"工作狂, 志愿, 歧视, 念旧, 博爱, 信誉, 倚老卖老, 牛脾气, 专一, 古板",0.065
湖北,内蒙古,"忠烈, 挺身而出, 忠孝, 念旧, 倚老卖老, 大义凛然, 薄情, 忠义, 中庸, 好胜心",0.813
湖北,北京,"逞强, 念旧, 见义勇为, 忘我, 悲天悯人, 患难与共, 退缩, 成见, 求知欲, 胸襟",0.398
湖北,台湾,"寒微, 洒脱, 骁勇, 慌张, 机智, 豪爽, 铁汉, 挺身而出, 怠慢, 刚毅",0.819
湖北,吉林,"薄情, 忠烈, 忠义, 挺身而出, 大义凛然, 忠贞, 招摇, 果敢, 迂腐, 义气",0.9
湖北,四川,"和蔼可亲, 患难与共, 挺身而出, 任劳任怨, 体贴入微, 通情达理, 古板, 徇私, 判断力, 义无反顾",1.187
湖北,天津,"果敢, 忘恩负义, 忠烈, 薄情, 患难与共, 武断, 义气, 成见, 狭隘, 忠贞",0.171
湖北,宁夏,"挺身而出, 敬重, 机智, 健谈, 圆滑, 义气, 渊博, 忠烈, 辩才, 风趣",1.604
湖北,安徽,"团结, 铁汉, 守望相助, 忠义, 上下一心, 无私, 乐天, 博爱, 独善其身, 情绪化",1.3
湖北,山东,"漠视, 果敢, 乘虚而入, 患难与共, 懵懂, 工作狂, 忘我, 义无反顾, 淡漠, 依恋",0.274
湖北,山西,"依恋, 无私, 薄情, 同情心, 纯洁, 博爱, 念旧, 漠视, 顽强, 歧视",0.414
湖北,广东,"退缩, 胆怯, 怯懦, 悲天悯人, 坚毅, 忸怩, 贪婪, 天真无邪, 坦率, 胸怀",-0.179
湖北,广西,"顽固, 守望相助, 义无反顾, 患难与共, 尊敬, 健谈, 和蔼可亲, 成见, 悲天悯人, 无私",0.946
湖北,新疆,"退缩, 袖手旁观, 忠烈, 置身事外, 逞强, 忠义, 拖泥带水, 拖延, 忠孝, 失信",-0.334
湖北,江苏,"忠义, 招摇, 义气, 纯朴, 正直, 铁汉, 无私, 黑心, 患难与共, 果敢",1.117
湖北,江西,"脆弱, 骄傲, 歧视, 守望相助, 纯正, 倔强, 无私, 患难与共, 柔弱, 顽强",0.551
湖北,河北,"念旧, 小气, 依恋, 无私, 粗枝大叶, 同情心, 薄情, 体贴入微, 工作狂, 忠贞",0.47
湖北,河南,"铁汉, 工作狂, 忘我, 灵巧, 患难与共, 义无反顾, 凶猛, 敏感, 果敢, 灵活",0.893
湖北,浙江,"铁汉, 刚愎自用, 腼腆, 胆怯, 骄傲, 私心, 工作狂, 脆弱, 害羞, 忠贞",-0.236
湖北,海南,"果断, 博爱, 信任, 忠诚, 猜忌, 顽固, 呆板, 拖泥带水, 团结, 仁爱",0.631
湖北,湖南,"铁汉, 趁火打劫, 无私, 守望相助, 功德, 忠诚, 患难与共, 骁勇, 挺身而出, 凶猛",1.18
湖北,澳门,"木讷, 本分, 耿直, 文静, 牛脾气, 豪爽, 顽强, 刚强, 鲁钝, 心软",0.543
湖北,甘肃,"信誉, 明察秋毫, 讨厌, 通情达理, 健谈, 机智, 博爱, 冒昧, 体贴入微, 顽固",0.809
湖北,福建,"坦率, 真挚, 腼腆, 骄傲, 倔强, 忠贞, 刚强, 矜持, 气量, 忸怩",0.866
湖北,西藏,"倚老卖老, 信誉, 上进, 冲劲, 挺身而出, 通情达理, 鄙视, 佩服, 健谈, 窝囊",0.669
湖北,贵州,"挺身而出, 刚毅, 患难与共, 义无反顾, 猜忌, 坚毅, 铁汉, 刚强, 柔弱, 乘虚而入",0.972
湖北,辽宁,"薄情, 狭隘, 瞒骗, 小气, 工作狂, 怕羞, 成见, 狠心, 性急, 扯谎",-1.325
湖北,重庆,"顽强, 正直, 正派, 气节, 骁勇, 挺身而出, 忘恩负义, 忠心, 趁火打劫, 忠烈",1.034
湖北,陕西,"博爱, 体贴入微, 念旧, 无私, 讨厌, 志愿, 坦承, 工作狂, 挺身而出, 歧视",0.676
湖北,青海,"挺身而出, 机智, 诡辩, 念旧, 薄情, 风趣, 据理力争, 通情达理, 鬼才, 歧视",0.538
湖北,香港,"牛脾气, 本分, 耿直, 木讷, 文静, 专一, 薄情, 腼腆, 心软, 忍心",0.076
湖北,黑龙江,"忠烈, 忠孝, 忠义, 墨守成规, 忠贞, 仁义, 患难与共, 念旧, 果敢, 仁厚",1.627
湖南,上海,"谋反, 招摇, 豪迈, 谋略, 腼腆, 爱民如子, 抱负, 耿直, 正气, 磊落",0.879
湖南,东北,"短见, 锐意, 招摇, 拖延, 天才, 忠烈, 远见, 盲目, 拖拉, 慎重",0.102
湖南,云南,"专一, 口才, 志愿, 工作狂, 外向, 诡辩, 念旧, 抄袭, 墨守成规, 责任感",0.317
湖南,内蒙古,"心计, 远见, 乐天, 求知欲, 忠烈, 念旧, 短见, 好胜心, 拜金, 倚老卖老",0.169
湖南,北京,"求知欲, 逞强, 短见, 念旧, 好胜心, 进取, 率直, 冲劲, 拖泥带水, 豪放",0.456
湖南,台湾,"寒微, 豪爽, 机智, 洒脱, 耿直, 豪放, 豪迈, 博学, 胆识, 文静",1.324
湖南,吉林,"招摇, 守约, 薄情, 耿直, 果敢, 念旧, 心计, 忠烈, 矜持, 肤浅",0.271
湖南,四川,"招摇, 准时, 拖拉, 迟钝, 判断力, 雷厉风行, 亲和力, 倚老卖老, 漠视, 念旧",-0.104
湖南,天津,"短见, 果敢, 无知, 武断, 求知欲, 守约, 使命感, 心计, 责任感, 拖泥带水",0.215
湖南,宁夏,"心计, 讨厌, 机智, 才华横溢, 才气, 口才, 才华, 诡辩, 健谈, 拖拉",0.454
湖南,安徽,"乐天, 独裁, 独特, 独一无二, 锐意, 叛逆, 团结, 使命感, 怀旧, 奔放",0.712
湖南,山东,"漠视, 招摇, 果敢, 感性, 浮夸, 泰然, 明快, 糜烂, 善忘, 懵懂",-0.148
湖南,山西,"纯情, 讨厌, 漠视, 纯真, 独立, 浮夸, 幼稚, 感性, 成熟, 依恋",0.144
湖南,广东,"矜持, 率直, 天真无邪, 坦率, 直率, 耿直, 忸怩, 招摇, 胸怀, 腼腆",0.733
湖南,广西,"顽固, 求知欲, 率直, 博学, 健谈, 直率, 达观, 心术, 慎重, 坦诚",1.004
湖南,新疆,"拖泥带水, 逞强, 忠孝, 泰然, 自负, 远见, 拖延, 镇静, 达观, 忠烈",0.461
湖南,江苏,"招摇, 耿直, 率直, 独裁, 直率, 好客, 淫乱, 浮夸, 廉洁, 果敢",0.278
湖南,江西,"好学, 讨厌, 乐天, 心计, 独立, 温柔, 成熟, 坚强, 矜持, 害羞",0.799
湖南,河北,"短见, 求知欲, 拜金, 念旧, 浪漫, 感性, 粗枝大叶, 矜持, 直率, 乐天",0.393
湖南,河南,"成熟, 活泼, 敏感, 感性, 工作狂, 细心, 浪漫, 实践, 灵活, 务实",1.054
湖南,浙江,"招摇, 害羞, 腼腆, 率直, 矜持, 直率, 怕羞, 淫乱, 工作狂, 醇厚",0.049
湖南,海南,"专一, 矜持, 拖拉, 友爱, 果断, 博爱, 幽默, 心计, 拖泥带水, 顽固",0.331
湖南,湖北,"实践, 成熟, 大胆, 素养, 品味, 独特, 独立, 远见, 短见, 准时",0.981
湖南,澳门,"文静, 耿直, 专一, 木讷, 豪爽, 拖拉, 豪迈, 拖泥带水, 直率, 伶俐",0.63
湖南,甘肃,"讨厌, 纯情, 幽默, 专一, 幼稚, 浪漫, 好学, 诡辩, 抄袭, 机智",0.392
湖南,福建,"矜持, 坦率, 率直, 奔放, 活泼, 直率, 豪放, 招摇, 害羞, 腼腆",0.809
湖南,西藏,"口才, 准时, 远见, 鄙视, 倚老卖老, 冲劲, 才华横溢, 雷厉风行, 上进, 才华",0.887
湖南,贵州,"雷厉风行, 文静, 率直, 才华横溢, 直率, 机智, 柔弱, 求知欲, 抱负, 矜持",1.252
湖南,辽宁,"招摇, 天才, 短见, 薄情, 怕羞, 心计, 守约, 工作狂, 矜持, 求知欲",-0.076
湖南,重庆,"寒微, 武断, 坚决, 迟钝, 正直, 鄙视, 判断力, 渊博, 磊落, 才华横溢",0.44
湖南,陕西,"讨厌, 专一, 拜金, 志愿, 外向, 坦承, 念旧, 粗枝大叶, 浮夸, 博爱",0.184
湖南,青海,"口才, 诡辩, 心计, 才华横溢, 谋略, 幽默, 鬼才, 鄙视, 机智, 准时",0.519
湖南,香港,"文静, 专一, 耿直, 腼腆, 木讷, 豪放, 牛脾气, 豪爽, 博学, 薄情",0.511
湖南,黑龙江,"远见, 墨守成规, 忠烈, 忠孝, 进取, 胆识, 谋略, 念旧, 雄辩, 求知欲",1.29
澳门,上海,"独裁, 沉迷, 公义, 挥霍, 效忠, 倚赖, 坦承, 虔诚, 瞒骗, 守约",0.079
澳门,东北,"倚赖, 沉迷, 坦承, 瞒骗, 慈善, 挥霍, 锐意, 牟利, 审慎, 公义",-0.032
澳门,云南,"独裁, 信誉, 怀旧, 慈善, 坦承, 牟利, 沉迷, 公义, 诚信, 歧视",0.34
澳门,内蒙古,"乐天, 拜金, 独裁, 怀旧, 信誉, 堂皇, 沉迷, 浪漫, 坦承, 人情味",0.274
澳门,北京,"独裁, 倚赖, 坦承, 独力, 沉迷, 虔诚, 拚命, 公义, 求知欲, 审慎",0.531
澳门,台湾,"审慎, 挥霍, 胆识, 守约, 酗酒, 铁汉, 果敢, 悉心, 悔恨, 投机",0.161
澳门,吉林,"独裁, 倚赖, 拜金, 守约, 坦承, 慈善, 瞒骗, 乐天, 沉迷, 信誉",0.092
澳门,四川,"慈善, 信誉, 牟利, 瞒骗, 挥霍, 坦承, 拜金, 独裁, 审慎, 价值观",-0.119
澳门,天津,"独裁, 慈善, 守约, 果敢, 独力, 倚赖, 瞒骗, 虔诚, 舞弊, 牟利",0.121
澳门,宁夏,"独裁, 坦承, 拜金, 瞒骗, 慈善, 牟利, 沉迷, 绅士, 信誉, 乐天",0.016
澳门,安徽,"乐天, 独裁, 慈善, 怀旧, 倚赖, 独一无二, 挥霍, 信誉, 堂皇, 锐意",0.323
澳门,山东,"坦承, 沉迷, 独裁, 慈善, 乐天, 拜金, 挥霍, 倚赖, 瞒骗, 牟利",-0.578
澳门,山西,"慈善, 乐天, 独裁, 怀旧, 拜金, 坦承, 浪漫, 浮夸, 完美, 审慎",0.531
澳门,广东,"乐天, 慈善, 坦承, 挥霍, 独裁, 投机, 瞒骗, 信誉, 默许, 审慎",0.122
澳门,广西,"慈善, 乐天, 审慎, 独裁, 信誉, 欺诈, 投机, 坦承, 沉迷, 诚信",0.339
澳门,新疆,"瞒骗, 坦承, 慈善, 倚赖, 审慎, 乐天, 挥霍, 牟利, 泰然, 在所不惜",0.185
澳门,江苏,"独裁, 慈善, 堂皇, 牟利, 怀旧, 公义, 瞒骗, 挥霍, 坦承, 浮夸",-0.259
澳门,江西,"慈善, 乐天, 完美, 独裁, 坦承, 倚赖, 浪漫, 怀旧, 公平, 歧视",0.652
澳门,河北,"乐天, 独裁, 拜金, 浪漫, 慈善, 怀旧, 坦承, 挥霍, 浮夸, 人情味",0.152
澳门,河南,"乐天, 坦承, 浪漫, 独裁, 倚赖, 挥霍, 独力, 才能, 成熟, 拜金",0.28
澳门,浙江,"独裁, 坦承, 瞒骗, 乐天, 慈善, 酗酒, 公义, 堂皇, 倚赖, 绅士",0.187
澳门,海南,"独裁, 信誉, 欺诈, 诚信, 歧视, 牟利, 激进, 舞弊, 团结, 慈善",-0.1
澳门,湖北,"慈善, 独裁, 挥霍, 乐天, 完美, 堂皇, 浪漫, 怀旧, 拜金, 倚赖",0.189
澳门,湖南,"慈善, 沉迷, 挥霍, 功德, 完美, 倚赖, 虔诚, 瞒骗, 坦承, 独裁",0.18
澳门,甘肃,"信誉, 乐天, 浪漫, 怀旧, 慈善, 绅士, 拜金, 坦承, 独裁, 完美",0.941
澳门,福建,"乐天, 浪漫, 完美, 独裁, 坦承, 绅士, 沉迷, 慈善, 坦率, 挥霍",0.718
澳门,西藏,"信誉, 乐天, 诚信, 锐意, 坦承, 准时, 卓越, 欺诈, 自信心, 沉迷",0.904
澳门,贵州,"独裁, 乐天, 慈善, 公义, 沉迷, 坦承, 自信心, 瞒骗, 审慎, 绅士",0.592
澳门,辽宁,"慈善, 瞒骗, 独裁, 乐天, 倚赖, 坦承, 信誉, 拜金, 拚命, 天才",0.306
澳门,重庆,"沉迷, 独裁, 慈善, 瞒骗, 一视同仁, 乐天, 牟利, 价值观, 完美, 信誉",0.388
澳门,陕西,"坦承, 慈善, 拜金, 乐天, 独裁, 沉迷, 倚赖, 瞒骗, 信誉, 浪漫",0.098
澳门,青海,"独裁, 坦承, 信誉, 乐天, 瞒骗, 拜金, 沉迷, 倚赖, 绅士, 欺诈",-0.358
澳门,香港,"沉迷, 守约, 重蹈覆辙, 酗酒, 实践, 恩爱, 挥霍, 舞弊, 患难与共, 守望相助",-0.028
澳门,黑龙江,"倚赖, 独裁, 雄辩, 瞒骗, 慈善, 挥霍, 乐天, 坦承, 堂皇, 拜金",-0.269
甘肃,上海,"谋反, 骁勇, 踌躇满志, 寒微, 迟疑, 私欲, 虔诚, 好大喜功, 意气风发, 惶恐",-0.185
甘肃,东北,"涣散, 恍惚, 踌躇, 依从, 不忍, 重蹈覆辙, 灰心, 悔恨, 倚赖, 迟疑",-0.82
甘肃,云南,"自信心, 灰心, 悔改, 公义, 软弱, 进取, 鞭策, 志气, 胆怯, 刚强",0.723
甘肃,内蒙古,"寒微, 忠烈, 短见, 志气, 进取, 锐气, 自满, 不忍, 使命感, 忠孝",0.729
甘肃,北京,"贪欲, 逞强, 贪心, 自满, 虔诚, 不忍, 胆怯, 悔恨, 短见, 骁勇",-0.63
甘肃,台湾,"寒微, 骁勇, 灰心, 胆怯, 慌张, 踌躇, 悔恨, 坚毅, 癫狂, 怠慢",-0.644
甘肃,吉林,"涣散, 寒微, 不忍, 谋反, 倚赖, 依从, 骁勇, 软弱, 欺压, 守约",-0.393
甘肃,四川,"恍惚, 涣散, 灰心, 铤而走险, 悔改, 踌躇满志, 踌躇, 背弃, 推卸, 悔恨",-0.75
甘肃,天津,"短见, 寒微, 贪欲, 谋反, 虔诚, 骁勇, 不忍, 贪心, 果敢, 铤而走险",-0.345
甘肃,宁夏,"寒微, 短见, 自满, 怠慢, 敬重, 公义, 不忍, 好大喜功, 铤而走险, 依从",-0.318
甘肃,安徽,"重蹈覆辙, 堕落, 自满, 好大喜功, 涣散, 依从, 野心, 极端, 刚愎自用, 推卸",-1.352
甘肃,山东,"涣散, 恣意, 恍惚, 寒微, 铤而走险, 乘虚而入, 漠视, 明朗, 任其自然, 一厢情愿",-0.679
甘肃,山西,"贪欲, 短见, 依恋, 堕落, 逞强, 恣意, 铤而走险, 漠视, 顺从, 恍惚",-0.986
甘肃,广东,"贪欲, 胆怯, 贪婪, 退缩, 怯懦, 忸怩, 迟疑, 坚毅, 骄横, 警惕",-0.96
甘肃,广西,"贪婪, 贪欲, 踌躇满志, 谦卑, 自满, 胆怯, 小心翼翼, 凝重, 重蹈覆辙, 安分",-0.554
甘肃,新疆,"寒微, 退缩, 逞强, 失信, 踌躇, 依从, 胆怯, 悔恨, 自负, 惶恐",-1.25
甘肃,江苏,"好大喜功, 悔改, 刚强, 公义, 寒微, 虔诚, 刚愎自用, 骁勇, 贪欲, 私欲",-0.059
甘肃,江西,"脆弱, 软弱, 灰心, 刚强, 野心, 信心, 胆怯, 公平, 不忍, 堕落",-0.212
甘肃,河北,"短见, 虔诚, 贪欲, 依赖, 贪心, 依恋, 吝啬, 妩媚, 慵懒, 豪放",-0.355
甘肃,河南,"小心翼翼, 踌躇, 寒微, 默许, 依赖, 迟疑, 涣散, 恍惚, 坚毅, 认命",-0.346
甘肃,浙江,"胆怯, 刚愎自用, 不忍, 软弱, 刚强, 好大喜功, 谋反, 涣散, 骁勇, 怯懦",-0.679
甘肃,海南,"胆怯, 进取, 信任, 猜忌, 怯懦, 信心, 寒微, 谨慎, 锐气, 自信",0.48
甘肃,湖北,"依从, 铤而走险, 默许, 贪欲, 寒微, 公平, 安分, 堕落, 野心, 警醒",-0.387
甘肃,湖南,"虔诚, 功德, 贪欲, 骁勇, 不忍, 灰心, 安分, 雍容, 迟疑, 涣散",0.187
甘肃,澳门,"寒微, 刚强, 豪迈, 本分, 厚道, 涣散, 骁勇, 木讷, 柔弱, 骄横",0.202
甘肃,福建,"刚强, 忸怩, 妩媚, 胆怯, 坚毅, 踌躇, 软弱, 骁勇, 怯懦, 癫狂",-0.077
甘肃,西藏,"寒微, 灰心, 进取, 信心, 踌躇满志, 锐气, 自满, 意气风发, 幸灾乐祸, 窝囊",0.139
甘肃,贵州,"踌躇满志, 刚强, 锐气, 坚毅, 软弱, 骁勇, 恍惚, 认命, 公义, 寒微",0.554
甘肃,辽宁,"寒微, 涣散, 依从, 铤而走险, 小心翼翼, 贪欲, 认命, 虔诚, 不忍, 踌躇",-0.456
甘肃,重庆,"寒微, 骁勇, 恍惚, 涣散, 迟疑, 不忍, 谋反, 踌躇, 半信半疑, 刚强",-0.292
甘肃,陕西,"倚赖, 寒微, 堕落, 潦倒, 任其自然, 灰心, 从良, 消极, 检点, 乐观",-0.703
甘肃,青海,"寒微, 检点, 进取, 志气, 推卸, 自满, 谋略, 灰心, 认命, 乘虚而入",-0.305
甘肃,香港,"寒微, 刚强, 灰心, 贪欲, 牛脾气, 忍心, 本分, 骁勇, 豪迈, 不忍",0.119
甘肃,黑龙江,"依从, 进取, 忠烈, 倚赖, 寒微, 踌躇满志, 忠孝, 重蹈覆辙, 好大喜功, 自满",0.274
福建,上海,"谋反, 爱民如子, 好大喜功, 忠烈, 慌忙, 忠义, 功德, 忠孝, 舞弊, 拍马屁",0.327
福建,东北,"杰出, 忠孝, 忠烈, 功德, 善恶, 拚命, 锐意, 拖延, 恍惚, 舞弊",0.602
福建,云南,"志愿, 迷信, 念旧, 判断力, 主观, 歧视, 倚老卖老, 信誉, 诡辩, 低能",-0.369
福建,内蒙古,"忠孝, 忠烈, 善恶, 念旧, 好胜心, 迷信, 推卸, 倚老卖老, 嗤之以鼻, 拜金",-0.237
福建,北京,"念旧, 作恶多端, 好胜心, 求知欲, 贪欲, 志愿, 主观, 见义勇为, 拚命, 善恶",0.357
福建,台湾,"寒微, 慌张, 挺身而出, 博学, 慌忙, 鞭策, 狼狈, 踏实, 见义勇为, 混账",0.255
福建,吉林,"忠烈, 忠孝, 迂腐, 念旧, 欺压, 恶霸, 据理力争, 嗤之以鼻, 杰出, 爱民如子",0.339
福建,四川,"判断力, 推卸, 主观, 牟利, 明辨是非, 迷信, 帮凶, 念旧, 慈善, 袒护",-0.152
福建,天津,"善恶, 功德, 短见, 杰出, 忠孝, 忠烈, 舞弊, 念旧, 作恶多端, 忘恩负义",0.131
福建,宁夏,"辩才, 志愿, 念旧, 居心, 忠孝, 正派, 推卸, 作恶多端, 牟利, 善恶",0.143
福建,安徽,"善恶, 推卸, 功德, 浑水摸鱼, 纯正, 独裁, 迷信, 消极, 锐意, 乐天",-0.227
福建,山东,"主观, 舞弊, 推卸, 漠视, 目无法纪, 迷信, 念旧, 牟利, 人情味, 蓄意",-0.884
福建,山西,"主观, 念旧, 善恶, 独立, 拚搏, 明辨是非, 怀旧, 独力, 歧视, 蓄意",0.543
福建,广东,"帮凶, 中立, 功德, 慌忙, 本分, 算计, 置身事外, 沽名钓誉, 忠烈, 贪欲",-0.36
福建,广西,"善恶, 顽固, 功德, 以牙还牙, 价值观, 守望相助, 忠孝, 中立, 趁火打劫, 明辨是非",0.428
福建,新疆,"忠孝, 忠烈, 置身事外, 庸碌, 袒护, 判断力, 秉公, 念旧, 袖手旁观, 帮凶",0.065
福建,江苏,"善恶, 迷信, 推卸, 目无法纪, 好大喜功, 悔改, 作恶多端, 刁民, 功德, 牟利",-1.013
福建,江西,"慈善, 纯正, 歧视, 独立, 独力, 善恶, 面善, 功德, 背弃, 推卸",0.489
福建,河北,"念旧, 拜金, 短见, 迷信, 怀旧, 价值观, 主观, 人情味, 自以为是, 求知欲",-0.086
福建,河南,"独力, 敏锐, 主观, 念旧, 拚搏, 本能, 熟练, 善恶, 从良, 细心",0.932
福建,浙江,"好大喜功, 蓄意, 迷信, 挑拨, 目无法纪, 瞒骗, 背弃, 谋反, 忠孝, 私欲",-1.385
福建,海南,"舞弊, 激进, 善恶, 本分, 歧视, 志愿, 进取, 忠孝, 果断, 可靠",0.625
福建,湖北,"善恶, 陋习, 推卸, 价值观, 功德, 作恶多端, 主观, 刁民, 独立, 从良",-0.107
福建,湖南,"善恶, 功德, 趁火打劫, 虔诚, 迷信, 慈悲, 帮凶, 浑水摸鱼, 作恶多端, 杰出",-0.253
福建,澳门,"本分, 刁民, 缺德, 鲁钝, 作恶多端, 混账, 文静, 忠烈, 秉性, 本能",-0.434
福建,甘肃,"信誉, 念旧, 怀旧, 善恶, 明察秋毫, 诡辩, 浑蛋, 卓越, 人情味, 判断力",0.609
福建,西藏,"上进, 倚老卖老, 志愿, 信誉, 浑蛋, 锐意, 进取, 狡辩, 冲劲, 据理力争",0.58
福建,贵州,"居心, 浑水摸鱼, 以牙还牙, 判断力, 善恶, 挑拨, 中立, 志愿, 推卸, 本能",-0.418
福建,辽宁,"瞒骗, 拚命, 善恶, 忠孝, 迷信, 居心, 杰出, 慈善, 浑蛋, 偷工减料",-0.127
福建,重庆,"善恶, 正派, 明辨是非, 判断力, 杰出, 迂腐, 败类, 作恶多端, 趁火打劫, 迷信",-0.329
福建,陕西,"志愿, 迷信, 主观, 念旧, 拜金, 陋习, 善恶, 慈善, 消极, 从良",-0.124
福建,青海,"以牙还牙, 推卸, 诡辩, 念旧, 鬼才, 志愿, 据理力争, 判断力, 检点, 上进",0.321
福建,香港,"本分, 念旧, 牛脾气, 志愿, 专一, 帮凶, 忠孝, 陋习, 心软, 博学",0.41
福建,黑龙江,"忠孝, 忠烈, 念旧, 爱民如子, 进取, 庸碌, 倚赖, 辩才, 远见, 迂腐",0.928
西藏,上海,"虔诚, 慈悲, 据为己有, 私欲, 贪欲, 谋反, 任其自然, 纯朴, 功德, 效忠",0.111
西藏,东北,"虔诚, 慈悲, 功德, 依从, 善恶, 据为己有, 贞洁, 贪欲, 倚赖, 涣散",0.042
西藏,云南,"虔诚, 迷信, 慈悲, 伟大, 慈善, 邪恶, 献身, 癖好, 耐力, 据为己有",0.298
西藏,内蒙古,"慈悲, 善恶, 迷信, 任其自然, 贞操, 虔诚, 贞洁, 善忘, 堂皇, 贪欲",0.043
西藏,北京,"虔诚, 慈悲, 贪欲, 任其自然, 悲天悯人, 纯朴, 私欲, 据为己有, 邪念, 逞强",-0.555
西藏,台湾,"虔诚, 癫狂, 洒脱, 豪放, 慈悲, 奔放, 淳朴, 贪欲, 纯朴, 豪迈",0.835
西藏,吉林,"虔诚, 慈悲, 贞洁, 纯朴, 脆弱, 纯洁, 忠贞, 据为己有, 依从, 淳朴",0.852
西藏,四川,"虔诚, 慈善, 纯洁, 慈悲, 据为己有, 温驯, 迷信, 任其自然, 朴素, 纯朴",0.73
西藏,天津,"虔诚, 慈悲, 贪欲, 善恶, 功德, 愚昧, 纯朴, 任其自然, 淳朴, 宽恕",0.604
西藏,宁夏,"慈悲, 虔诚, 任其自然, 本性, 据为己有, 癖好, 纯洁, 辩才, 纯朴, 独善其身",0.556
西藏,安徽,"慈悲, 虔诚, 极端, 任其自然, 本性, 纯洁, 堕落, 善恶, 晦涩, 独一无二",0.095
西藏,山东,"任其自然, 慈悲, 虔诚, 纯洁, 晦涩, 癫狂, 恣意, 据为己有, 善忘, 逍遥自在",0.114
西藏,山西,"纯洁, 慈悲, 虔诚, 任其自然, 纯真, 慈善, 邪恶, 奔放, 温驯, 贪欲",0.651
西藏,广东,"虔诚, 慈悲, 贪欲, 据为己有, 纯洁, 本性, 缄默, 任其自然, 纯朴, 悲天悯人",0.126
西藏,广西,"虔诚, 慈悲, 本性, 贪欲, 晦涩, 缄默, 悲天悯人, 纯洁, 劣根性, 慈善",0.072
西藏,新疆,"慈悲, 虔诚, 缄默, 贪欲, 独善其身, 癫狂, 在所不惜, 私欲, 依从, 逍遥自在",-0.03
西藏,江苏,"慈悲, 虔诚, 纯朴, 淳朴, 纯洁, 晦涩, 私欲, 任其自然, 迷信, 据为己有",0.172
西藏,江西,"慈悲, 虔诚, 脆弱, 慈善, 纯洁, 邪恶, 温驯, 任其自然, 本性, 据为己有",0.226
西藏,河北,"虔诚, 慈悲, 纯洁, 任其自然, 贪欲, 朴素, 本性, 温驯, 纯朴, 含蓄",0.755
西藏,河南,"虔诚, 纯洁, 任其自然, 慈悲, 温驯, 极端, 癖好, 脆弱, 本性, 奔放",0.256
西藏,浙江,"虔诚, 慈悲, 纯洁, 据为己有, 私欲, 温驯, 本性, 脆弱, 晦涩, 邪恶",-0.251
西藏,海南,"虔诚, 慈悲, 纯洁, 邪恶, 团结, 本性, 贞操, 纯真, 贪欲, 贞洁",0.646
西藏,湖北,"虔诚, 慈悲, 任其自然, 本性, 慈善, 贪欲, 朴素, 幽雅, 癖好, 纯洁",0.68
西藏,湖南,"虔诚, 慈悲, 功德, 善恶, 任其自然, 贪欲, 据为己有, 本性, 慈善, 温驯",0.401
西藏,澳门,"慈悲, 本性, 豪放, 淳朴, 晦涩, 虔诚, 缄默, 刚强, 极端, 癖好",0.361
西藏,甘肃,"慈悲, 癖好, 纯洁, 纯朴, 虔诚, 纯真, 慈善, 淳朴, 贞操, 浪漫",1.412
西藏,福建,"纯洁, 虔诚, 奔放, 慈悲, 任其自然, 脆弱, 豪放, 癫狂, 本性, 纯真",0.599
西藏,贵州,"慈悲, 虔诚, 纯洁, 邪恶, 本性, 缄默, 贞操, 纯真, 悲天悯人, 宁静",0.482
西藏,辽宁,"虔诚, 慈悲, 纯洁, 贪欲, 慈善, 纯朴, 本性, 任其自然, 贞洁, 小心翼翼",0.786
西藏,重庆,"慈悲, 虔诚, 善恶, 据为己有, 纯洁, 功德, 愚昧, 邪恶, 迷信, 纯朴",0.174
西藏,陕西,"慈悲, 任其自然, 纯洁, 慈善, 虔诚, 癖好, 纯朴, 迷信, 本性, 怪僻",0.461
西藏,青海,"独善其身, 迷信, 癖好, 贞操, 劣根性, 善恶, 慈悲, 独裁, 任其自然, 据为己有",-0.566
西藏,香港,"虔诚, 慈悲, 贪欲, 豪放, 淳朴, 任其自然, 据为己有, 纯朴, 本性, 癖好",0.289
西藏,黑龙江,"虔诚, 慈悲, 依从, 拘泥, 忠贞, 据为己有, 倚赖, 贞洁, 辩才, 纯朴",0.609
贵州,上海,"夸口, 谋反, 好大喜功, 招摇, 吝啬, 爱民如子, 据为己有, 夸大, 自满, 怠慢",-1.024
贵州,东北,"浪费, 短见, 拖延, 倚赖, 舍得, 盲目, 锐意, 可靠, 牟利, 廉洁",-0.156
贵州,云南,"偷工减料, 信誉, 寒酸, 实用, 节俭, 可靠, 诚信, 牟利, 墨守成规, 吝啬",0.181
贵州,内蒙古,"拜金, 短见, 俗气, 节俭, 品质, 舍得, 偷工减料, 小气, 奢侈, 花里胡哨",-0.667
贵州,北京,"贪欲, 贪心, 逞强, 短见, 吝啬, 自满, 鲁莽, 财迷心窍, 求知欲, 贪得无厌",-1.262
贵州,台湾,"寒微, 豪爽, 舍得, 吝啬, 怠慢, 谨慎, 稳妥, 豪迈, 实干, 洒脱",0.584
贵州,吉林,"招摇, 偷工减料, 节俭, 奢侈, 舍得, 守约, 小气, 浪费, 倚赖, 吝啬",-0.546
贵州,四川,"节俭, 浪费, 奢侈, 牟利, 财迷心窍, 寒酸, 品质, 偷工减料, 实用, 黑心",-0.667
贵州,天津,"短见, 节俭, 贪心, 贪欲, 愚昧, 守约, 鲁莽, 奢侈, 吝啬, 舍得",-0.714
贵州,宁夏,"牟利, 寒酸, 短见, 偷工减料, 拜金, 俗气, 黑心, 舍得, 实在, 阔绰",-0.93
贵州,安徽,"品质, 奢侈, 浪费, 独一无二, 独特, 稳定, 纯正, 黑心, 偷工减料, 实用",0.152
贵州,山东,"偷工减料, 奢侈, 浮夸, 节俭, 黑心, 媚俗, 俗气, 招摇, 单调, 拜金",-1.157
贵州,山西,"品质, 浮夸, 流畅, 短见, 花里胡哨, 奢侈, 恶劣, 浪费, 独立, 偷工减料",-0.713
贵州,广东,"吝啬, 贪婪, 敢于, 品质, 贪欲, 忸怩, 夸口, 浪费, 俭朴, 贪得无厌",-0.56
贵州,广西,"节俭, 吝啬, 品质, 俭朴, 小气, 舍得, 苛刻, 童叟无欺, 奢侈, 谨慎",0.286
贵州,新疆,"吝啬, 逞强, 在所不惜, 拖延, 舍得, 廉洁, 节俭, 自负, 拘泥, 短见",-0.347
贵州,江苏,"黑心, 偷工减料, 招摇, 廉洁, 俗气, 媚俗, 节俭, 好大喜功, 俭朴, 醇厚",-0.287
贵州,江西,"品质, 实用, 奢侈, 完美, 随便, 纯正, 黑心, 浪费, 稳定, 可靠",0.492
贵州,河北,"奢侈, 节俭, 短见, 吝啬, 小气, 拜金, 浪费, 俗气, 品味, 浮夸",-0.874
贵州,河南,"奢侈, 舍得, 品质, 浪费, 幽雅, 成熟, 独特, 灵活, 实用, 吝啬",0.503
贵州,浙江,"醇厚, 奢侈, 酗酒, 招摇, 偷工减料, 夸大, 吝啬, 好大喜功, 刚愎自用, 好色",-1.318
贵州,海南,"可靠, 偷工减料, 吝啬, 实用, 小气, 浪费, 拖拉, 随便, 流畅, 好学",-0.054
贵州,湖北,"奢侈, 品质, 节俭, 寒酸, 浪费, 偷工减料, 品味, 幽雅, 独特, 俗气",0.002
贵州,湖南,"奢侈, 品质, 吝啬, 单调, 功德, 实用, 舍得, 夸张, 流畅, 寒酸",0.165
贵州,澳门,"舍得, 厚道, 拖拉, 吝啬, 耿直, 豪爽, 缺德, 单调, 本分, 朴实",0.262
贵州,甘肃,"实用, 品质, 信誉, 童叟无欺, 流畅, 奢侈, 节俭, 浪费, 黑心, 品味",0.514
贵州,福建,"奢侈, 品质, 吝啬, 媚俗, 夸张, 苛刻, 实用, 坦率, 幽雅, 随便",0.019
贵州,西藏,"信誉, 准时, 倚老卖老, 上进, 实干, 浪费, 黑心, 诚信, 偷工减料, 吝啬",0.038
贵州,辽宁,"偷工减料, 奢侈, 节俭, 小气, 吝啬, 舍得, 品质, 短见, 黑心, 俗气",-0.738
贵州,重庆,"浪费, 品质, 稳定, 徇私舞弊, 中饱私囊, 寒酸, 清贫, 黑心, 实用, 滥竽充数",-0.796
贵州,陕西,"黑心, 拜金, 品质, 奢侈, 浮夸, 节俭, 浪费, 偷工减料, 坦承, 俗气",-0.677
贵州,青海,"偷工减料, 可靠, 检点, 好学, 实用, 信誉, 节俭, 鬼才, 童叟无欺, 流畅",1.057
贵州,香港,"专一, 耿直, 吝啬, 舍得, 单调, 牛脾气, 短见, 豪爽, 本分, 清贫",0.118
贵州,黑龙江,"拘泥, 奢侈, 节俭, 墨守成规, 忠孝, 倚赖, 吝啬, 俭朴, 爱民如子, 短见",0.087
辽宁,上海,"骁勇, 硬汉, 谋反, 血气方刚, 刚毅, 忠义, 上下一心, 踌躇满志, 好大喜功, 正气",1.102
辽宁,东北,"锐意, 沉迷, 灰心, 悔恨, 鞭策, 警醒, 拖延, 无悔, 晚节, 重蹈覆辙",-0.461
辽宁,云南,"硬汉, 素养, 素质, 志愿, 硬朗, 低能, 耐力, 刻苦, 抄袭, 专一",0.654
辽宁,内蒙古,"气节, 中庸, 倚老卖老, 上下一心, 晚节, 好胜心, 拚搏, 锐气, 血气方刚, 锐意",0.566
辽宁,北京,"骁勇, 拚搏, 好胜心, 上下一心, 血气方刚, 锐气, 穷凶极恶, 见义勇为, 顽强, 持平",0.95
辽宁,台湾,"骁勇, 硬朗, 刻苦, 豪爽, 铁汉, 鞭策, 灰心, 耐力, 刚毅, 豪迈",1.292
辽宁,吉林,"骁勇, 昏庸, 血气方刚, 据理力争, 硬汉, 闻风丧胆, 忠义, 侠义, 上下一心, 锐气",0.884
辽宁,四川,"拚搏, 素养, 耐力, 硬朗, 素质, 硬汉, 惰性, 活跃, 低能, 消极",0.404
辽宁,天津,"骁勇, 上下一心, 谋略, 谋反, 穷凶极恶, 忠诚, 素养, 鲁莽, 果敢, 敏捷",0.476
辽宁,宁夏,"刻苦, 素质, 拚搏, 端正, 素养, 人品, 渊博, 志愿, 才华, 中立",1.318
辽宁,安徽,"上下一心, 团结, 稳定, 低能, 锐意, 中肯, 消极, 硬汉, 素质, 中立",0.564
辽宁,山东,"拚搏, 沉迷, 无悔, 平常心, 活跃, 踏实, 明朗, 消极, 主观, 警醒",0.685
辽宁,山西,"拚搏, 敏捷, 友好, 流畅, 中肯, 顽强, 积极, 活跃, 主观, 素质",1.363
辽宁,广东,"气量, 短处, 警惕, 本分, 中立, 锐气, 忠诚, 坚毅, 持平, 晚节",0.545
辽宁,广西,"硬汉, 短处, 友好, 素养, 本分, 忠诚, 上下一心, 惰性, 气量, 博学",0.975
辽宁,新疆,"气节, 晚节, 窝囊, 骨气, 持平, 节制, 明察秋毫, 忠义, 息事宁人, 警醒",0.51
辽宁,江苏,"硬汉, 拚搏, 好大喜功, 骁勇, 硬朗, 悔改, 朴实无华, 上下一心, 正气, 消极",0.909
辽宁,江西,"完美, 耐力, 硬汉, 友好, 坚持, 实用, 恒心, 卧薪尝胆, 狂暴, 脆弱",1.026
辽宁,河北,"豪放, 拚搏, 拜金, 懒虫, 中肯, 浪漫, 一针见血, 忠诚, 低能, 体贴入微",0.626
辽宁,河南,"拚搏, 硬汉, 铁汉, 细腻, 刻苦, 细致, 凶猛, 悉心, 血气方刚, 灵活",1.121
辽宁,浙江,"硬汉, 铁汉, 骁勇, 硬朗, 刚愎自用, 威风凛凛, 好大喜功, 血气方刚, 粗野, 稚嫩",0.349
辽宁,海南,"友爱, 忠诚, 团结, 本分, 专一, 中庸, 果断, 仁爱, 友好, 硬汉",1.574
辽宁,湖北,"素质, 素养, 硬汉, 完美, 拚搏, 刻苦, 警醒, 短处, 公平, 惰性",0.817
辽宁,湖南,"硬汉, 骁勇, 威风凛凛, 铁汉, 硬朗, 狂暴, 耐力, 忠诚, 趁火打劫, 上下一心",0.803
辽宁,澳门,"本分, 文静, 专一, 顽强, 气节, 耿直, 豪爽, 牛脾气, 木讷, 刚强",0.885
辽宁,甘肃,"素养, 素质, 幽默, 抄袭, 实用, 硬汉, 流畅, 专一, 好学, 明察秋毫",1.092
辽宁,福建,"硬汉, 气量, 硬朗, 耐力, 骁勇, 豪放, 刚强, 刻苦, 刚毅, 恒心",1.588
辽宁,西藏,"上进, 倚老卖老, 素质, 窝囊, 上下一心, 锐意, 冲劲, 锐气, 灰心, 口才",0.273
辽宁,贵州,"硬汉, 血气方刚, 锐气, 骁勇, 素养, 刚毅, 中立, 恩爱, 强硬, 踌躇满志",1.15
辽宁,重庆,"骁勇, 气节, 顽强, 素质, 素养, 耐力, 拚搏, 敏捷, 中立, 忠诚",1.28
辽宁,陕西,"拚搏, 素质, 志愿, 持平, 消极, 低能, 中肯, 素养, 专一, 友爱",0.622
辽宁,青海,"素质, 素养, 谋略, 才华横溢, 卧薪尝胆, 幽默, 据理力争, 一针见血, 上进, 中肯",1.316
辽宁,香港,"本分, 牛脾气, 专一, 文静, 气节, 血气方刚, 气量, 鞭策, 耿直, 豪放",0.946
辽宁,黑龙江,"上下一心, 谋略, 进取, 骁勇, 忠义, 忠烈, 忠孝, 气节, 卧薪尝胆, 昏庸",1.415
重庆,上海,"逞强, 招摇, 守约, 私欲, 夸口, 豪迈, 吹牛, 硬汉, 腼腆, 铁汉",-0.036
重庆,东北,"招摇, 拖延, 倚赖, 坦承, 重蹈覆辙, 依赖, 鞭策, 舍得, 恣意, 单纯",-0.108
重庆,云南,"人情味, 仁爱, 健谈, 倚老卖老, 怀旧, 鞭策, 外向, 硬汉, 博爱, 守约",1.029
重庆,内蒙古,"人情味, 倚老卖老, 花里胡哨, 招摇, 浪漫, 泰然, 达观, 务实, 乐天, 舍得",0.483
重庆,北京,"逞强, 贪欲, 守约, 忘我, 依赖, 贪心, 豪放, 求知欲, 私欲, 招摇",-0.243
重庆,台湾,"豪爽, 洒脱, 铁汉, 癫狂, 逞强, 拘束, 鞭策, 絮叨, 豪放, 守约",0.352
重庆,吉林,"守约, 招摇, 依赖, 糜烂, 花里胡哨, 舍得, 任性, 薄情, 勾心斗角, 倚赖",-0.876
重庆,四川,"招摇, 准时, 倚老卖老, 体贴入微, 健谈, 拘束, 鞭策, 坦承, 慈善, 踏实",0.711
重庆,天津,"守约, 贪欲, 短见, 舍得, 薄情, 虔诚, 逞强, 花里胡哨, 酗酒, 依恋",-0.556
重庆,宁夏,"健谈, 卖弄, 拘束, 扯谎, 辩才, 守约, 花里胡哨, 独善其身, 坦承, 外向",0.202
重庆,安徽,"团结, 人情味, 乐天, 情绪化, 怀旧, 铁汉, 叛逆, 独一无二, 舍得, 浮躁",0.457
重庆,山东,"恣意, 招摇, 人情味, 任性, 坦承, 糜烂, 泰然, 浮夸, 花里胡哨, 浪漫",-0.152
重庆,山西,"依恋, 逞强, 花里胡哨, 守约, 浮夸, 怀旧, 浪漫, 恣意, 任性, 单纯",0.068
重庆,广东,"敢于, 贪欲, 絮叨, 恣意, 招摇, 忸怩, 矜持, 逞强, 拘束, 坦诚",-0.253
重庆,广西,"絮叨, 健谈, 唠叨, 拘束, 扯谎, 舍得, 达观, 仁爱, 人情味, 坦诚",0.4
重庆,新疆,"逞强, 拘束, 寡言, 泰然, 节制, 在所不惜, 拖延, 达观, 独善其身, 舍得",0.023
重庆,江苏,"招摇, 酗酒, 花里胡哨, 硬汉, 糜烂, 铁汉, 恣意, 浮夸, 悔改, 逞强",-0.669
重庆,江西,"依赖, 浪漫, 单纯, 随便, 脆弱, 仁爱, 守约, 说谎, 团结, 逞强",0.425
重庆,河北,"浪漫, 人情味, 任性, 依恋, 奢侈, 依赖, 花里胡哨, 怀旧, 浮夸, 感性",-0.037
重庆,河南,"浪漫, 铁汉, 舍得, 依赖, 成熟, 守约, 任性, 坦承, 单纯, 人情味",0.904
重庆,浙江,"酗酒, 招摇, 铁汉, 逞强, 守约, 扯谎, 害羞, 迎合, 说谎, 任性",-0.698
重庆,海南,"团结, 仁爱, 友爱, 博爱, 矜持, 内向, 糜烂, 谦让, 可靠, 幽默",1.082
重庆,湖北,"奢侈, 浪漫, 守约, 品味, 酗酒, 成熟, 花里胡哨, 实践, 挥霍, 恣意",0.089
重庆,湖南,"铁汉, 絮叨, 吹牛, 舍得, 硬汉, 扯谎, 虔诚, 唠叨, 花里胡哨, 贪欲",-0.351
重庆,澳门,"絮叨, 耿直, 文静, 寡言, 豪爽, 逞强, 舍得, 唠叨, 豪迈, 专一",0.409
重庆,甘肃,"浪漫, 人情味, 健谈, 怀旧, 癖好, 幽默, 单纯, 绅士, 招摇, 花里胡哨",0.559
重庆,福建,"拘束, 任性, 招摇, 奔放, 矜持, 浪漫, 恣意, 酗酒, 坦率, 逞强",-0.151
重庆,西藏,"倚老卖老, 准时, 健谈, 泼妇, 口才, 唠叨, 信誉, 守约, 人情味, 远见",0.566
重庆,贵州,"铁汉, 宁静, 泼妇, 仁爱, 硬汉, 泰然, 絮叨, 流氓, 感性, 寡言",0.196
重庆,辽宁,"守约, 扯谎, 招摇, 拘束, 任性, 舍得, 恣意, 人情味, 逞强, 怕羞",-0.36
重庆,陕西,"坦承, 浪漫, 健谈, 浮夸, 癖好, 人情味, 怀旧, 任性, 外向, 从良",0.498
重庆,青海,"鬼才, 坦承, 健谈, 准时, 口才, 守约, 幽默, 诡辩, 泼妇, 内向",0.564
重庆,香港,"耿直, 逞强, 专一, 文静, 健谈, 豪放, 絮叨, 鞭策, 豪爽, 腼腆",0.78
重庆,黑龙江,"拘泥, 忠孝, 守约, 奉承, 招摇, 倚赖, 逢迎, 拘束, 人情味, 墨守成规",-0.171
陕西,上海,"谋反, 骁勇, 迟疑, 慌忙, 谋略, 怠慢, 凝重, 豪迈, 好大喜功, 英明",-0.174
陕西,东北,"重蹈覆辙, 迟疑, 拖延, 踌躇, 匆忙, 慌张, 惶恐, 涣散, 杰出, 慌忙",-0.759
陕西,云南,"鞭策, 自信心, 远见, 进取, 重蹈覆辙, 心术, 锐气, 谋略, 激进, 使命感",0.725
陕西,内蒙古,"远见, 忠烈, 忠孝, 锐气, 谋略, 中庸, 进取, 仁义, 明理, 心术",1.269
陕西,北京,"贪欲, 锐气, 冲动, 莽撞, 进取, 谋略, 豪迈, 逞强, 虔诚, 贪心",-0.093
陕西,台湾,"骁勇, 怠慢, 寒微, 张扬, 慌张, 豪迈, 豪爽, 坚毅, 鞭策, 警惕",0.41
陕西,吉林,"谋反, 招摇, 忠烈, 昏庸, 守约, 仁义, 锐气, 闻风丧胆, 猜忌, 骁勇",0.105
陕西,四川,"怠慢, 鞭策, 迟疑, 警醒, 踌躇, 恍惚, 惶恐, 混账, 踏实, 慌忙",-0.525
陕西,天津,"谋反, 谋略, 英明, 功德, 心狠手辣, 远见, 忠烈, 骁勇, 短见, 虔诚",0.664
陕西,宁夏,"辩才, 怠慢, 谋略, 匆忙, 仁义, 敬重, 不凡, 谋反, 张扬, 慌忙",0.357
陕西,安徽,"重蹈覆辙, 上下一心, 好大喜功, 团结, 功德, 谋反, 晦涩, 昏庸, 雍容, 野心",-0.228
陕西,山东,"晦涩, 招摇, 恣意, 笃定, 踏实, 重蹈覆辙, 警醒, 淡漠, 懵懂, 小心翼翼",-0.253
陕西,山西,"仔细, 随意, 小心翼翼, 张扬, 残忍, 晦涩, 明快, 猖狂, 守约, 实在",-0.031
陕西,广东,"算计, 迟疑, 小心翼翼, 雍容, 贪婪, 警惕, 胆怯, 张扬, 坚毅, 怠慢",-0.483
陕西,广西,"小心翼翼, 谨慎, 算计, 心术, 晦涩, 贪婪, 凝重, 警惕, 重蹈覆辙, 张扬",-0.715
陕西,新疆,"拖延, 忠孝, 迟疑, 远见, 忠烈, 决断, 凝重, 怠慢, 踌躇, 退缩",0.05
陕西,江苏,"好大喜功, 谋反, 招摇, 晦涩, 正气, 昏庸, 豪迈, 功德, 硬汉, 堂皇",-0.165
陕西,江西,"雍容, 算计, 迟疑, 沉默, 小心翼翼, 卧薪尝胆, 小心, 信心, 野心, 骄傲",0.121
陕西,河北,"短见, 虔诚, 含蓄, 小心翼翼, 妩媚, 雍容, 晦涩, 豪迈, 远见, 冲动",0.261
陕西,河南,"小心翼翼, 迟疑, 坚定, 坚毅, 仔细, 锐气, 凝重, 踌躇, 雍容, 晦涩",0.297
陕西,浙江,"谋反, 小心翼翼, 雍容, 迟疑, 张扬, 好大喜功, 胆怯, 怠慢, 凝重, 刚愎自用",-1.018
陕西,海南,"谨慎, 信任, 猜忌, 算计, 进取, 怠慢, 心术, 锐气, 讨好, 稳重",0.258
陕西,湖北,"雍容, 谋反, 远见, 张扬, 华贵, 警醒, 算计, 仔细, 谋略, 古怪",0.149
陕西,湖南,"功德, 雍容, 迟疑, 虔诚, 凝重, 怠慢, 小心翼翼, 骁勇, 古怪, 威风凛凛",0.268
陕西,澳门,"木讷, 豪迈, 文静, 张扬, 豪爽, 本分, 耿直, 狠毒, 厚道, 脾气",0.387
陕西,甘肃,"心术, 风度翩翩, 诡辩, 远见, 招摇, 实在, 勾心斗角, 谋略, 明察秋毫, 冒昧",0.065
陕西,福建,"张扬, 妩媚, 雍容, 气量, 豪迈, 坚毅, 忸怩, 迟疑, 小心翼翼, 矜持",0.423
陕西,西藏,"远见, 锐气, 进取, 怠慢, 上进, 信心, 迟疑, 意气风发, 窝囊, 幸灾乐祸",0.451
陕西,贵州,"锐气, 坚毅, 谋略, 算计, 慌忙, 刚毅, 雍容, 谋反, 意气风发, 猜忌",0.242
陕西,辽宁,"小心翼翼, 匆忙, 迟疑, 远见, 算计, 慌忙, 慢条斯理, 装模作样, 踌躇, 怠慢",-0.451
陕西,重庆,"迟疑, 谋反, 骁勇, 英明, 古怪, 谋略, 坚定, 凝重, 坚毅, 慌忙",0.315
陕西,青海,"谋略, 远见, 心术, 进取, 诡辩, 卧薪尝胆, 口才, 心计, 狡辩, 据理力争",0.375
陕西,香港,"牛脾气, 木讷, 文静, 鞭策, 怠慢, 豪迈, 本分, 气量, 耿直, 豪爽",0.472
陕西,黑龙江,"远见, 忠烈, 忠孝, 谋略, 进取, 仁义, 英明, 重蹈覆辙, 谋反, 贤良",1.2
青海,上海,"虔诚, 凝重, 功德, 慈悲, 招摇, 豪迈, 坚毅, 威风凛凛, 骁勇, 私欲",0.741
青海,东北,"功德, 涣散, 虔诚, 恍惚, 凝重, 招摇, 不忍, 恣意, 匆忙, 踌躇",-0.158
青海,云南,"虔诚, 狂热, 博爱, 伟大, 硬汉, 狂暴, 友爱, 耐力, 公义, 招摇",0.79
青海,内蒙古,"功德, 招摇, 堂皇, 凝重, 雍容, 正气, 慈悲, 旗帜鲜明, 淡漠, 不凡",0.594
青海,北京,"虔诚, 贪欲, 慈悲, 逞强, 贪心, 莽撞, 忘我, 狂热, 邪念, 懵懂",-0.517
青海,台湾,"豪爽, 洒脱, 癫狂, 豪迈, 凝重, 坚毅, 豪放, 骁勇, 暴躁, 阴沉",0.392
青海,吉林,"招摇, 虔诚, 恣意, 功德, 涣散, 不忍, 凝重, 忸怩, 侠义, 淡漠",-0.005
青海,四川,"招摇, 恍惚, 慈善, 纯洁, 柔和, 温驯, 涣散, 凝重, 古怪, 惰性",-0.113
青海,天津,"虔诚, 功德, 慈悲, 贪欲, 狂暴, 鲁莽, 逍遥, 短见, 凝重, 贪婪",-0.451
青海,宁夏,"功德, 慈悲, 虔诚, 狂暴, 怕羞, 威风凛凛, 堂皇, 招摇, 纯洁, 奔放",0.518
青海,安徽,"功德, 祥和, 极端, 虔诚, 堕落, 慈悲, 纯正, 狂暴, 独特, 独一无二",0.564
青海,山东,"恣意, 招摇, 祥和, 淡漠, 懵懂, 明朗, 任其自然, 晦涩, 功德, 凝重",0.01
青海,山西,"纯洁, 恣意, 温驯, 纯真, 慈悲, 奔放, 慈善, 依恋, 柔和, 随意",1.137
青海,广东,"忸怩, 虔诚, 凝重, 贪婪, 贪欲, 小心翼翼, 坚毅, 功德, 雍容, 恣意",0.056
青海,广西,"虔诚, 凝重, 功德, 贪婪, 晦涩, 守望相助, 缄默, 小心翼翼, 柔和, 狂暴",-0.009
青海,新疆,"凝重, 缄默, 淡漠, 阴沉, 逞强, 在所不惜, 功德, 癫狂, 寡言, 莽撞",-0.73
青海,江苏,"招摇, 慈悲, 虔诚, 功德, 纯朴, 淳朴, 祥和, 朴实无华, 恣意, 晦涩",0.911
青海,江西,"狂暴, 脆弱, 虔诚, 温驯, 慈悲, 纯正, 纯洁, 慈善, 温柔, 柔和",0.977
青海,河北,"虔诚, 温驯, 纯洁, 慈悲, 朴素, 功德, 奔放, 豪放, 任性, 依恋",1.13
青海,河南,"温驯, 纯洁, 细腻, 极端, 凝重, 小心翼翼, 恣意, 虔诚, 威风凛凛, 奔放",0.473
青海,浙江,"虔诚, 温驯, 招摇, 凝重, 纯洁, 威风凛凛, 祥和, 恣意, 小心翼翼, 忸怩",0.406
青海,海南,"凝重, 虔诚, 团结, 友爱, 纯洁, 忠诚, 沉默, 博爱, 冷漠, 邪恶",0.579
青海,湖北,"功德, 虔诚, 柔和, 祥和, 雍容, 华贵, 古怪, 堕落, 恣意, 极端",0.376
青海,湖南,"功德, 虔诚, 慈悲, 凝重, 狂暴, 雍容, 威风凛凛, 古怪, 祥和, 温驯",0.579
青海,澳门,"木讷, 豪爽, 文静, 豪迈, 凝重, 刚强, 朴实, 凶猛, 阴沉, 寡言",0.171
青海,甘肃,"纯正, 招摇, 纯洁, 纯粹, 纯真, 逍遥, 纯情, 纯朴, 淳朴, 活泼",1.176
青海,福建,"纯洁, 忸怩, 奔放, 恣意, 招摇, 凝重, 温驯, 真挚, 豪放, 坚毅",0.613
青海,西藏,"意气风发, 凝重, 心不在焉, 热情, 信心, 阴沉, 急躁, 冲劲, 迟疑, 性急",-0.036
青海,贵州,"狂暴, 坚毅, 虔诚, 慈悲, 威风凛凛, 宁静, 纯洁, 凝重, 功德, 狂热",0.836
青海,辽宁,"虔诚, 小心翼翼, 恣意, 招摇, 功德, 纯洁, 随意, 怕羞, 淡漠, 慈悲",0.415
青海,重庆,"古怪, 柔和, 凝重, 功德, 恍惚, 慈悲, 狂暴, 坚毅, 威风凛凛, 正派",0.505
青海,陕西,"纯洁, 慈善, 温驯, 堕落, 慈悲, 纯朴, 任其自然, 纯真, 无私, 淳朴",1.134
青海,香港,"木讷, 豪爽, 文静, 豪放, 牛脾气, 豪迈, 招摇, 凝重, 忸怩, 淳朴",0.201
青海,黑龙江,"虔诚, 招摇, 功德, 忠孝, 依从, 拘泥, 堂皇, 雍容, 守望相助, 恣意",0.547
香港,上海,"独裁, 公义, 效忠, 夸口, 稳定, 野心, 谋反, 坦承, 独力, 背叛",0.053
香港,东北,"完美, 卓越, 倚赖, 坦承, 拚命, 公义, 独力, 瞒骗, 天才, 锐意",0.951
香港,云南,"独裁, 信誉, 卓越, 怀旧, 蹩脚, 完美, 公义, 绅士, 拜金, 独立",0.751
香港,内蒙古,"乐天, 拜金, 独裁, 完美, 堂皇, 卓越, 天才, 怀旧, 浮夸, 独力",0.424
香港,北京,"独裁, 独力, 拚命, 公义, 坦承, 倚赖, 穷凶极恶, 独立, 拚搏, 欺压",0.16
香港,台湾,"匆忙, 铁汉, 狼狈, 从容, 果敢, 潦倒, 谨慎, 卓越, 审慎, 潇洒",0.596
香港,吉林,"独裁, 拜金, 独力, 浮夸, 倚赖, 乐天, 卓越, 独立, 怀旧, 坦承",0.276
香港,四川,"卓越, 完美, 独裁, 慈善, 拜金, 蹩脚, 准时, 信誉, 价值观, 绅士",0.799
香港,天津,"独裁, 独力, 善恶, 果敢, 为富不仁, 独立, 价值观, 功德, 拜金, 天才",0.486
香港,宁夏,"独裁, 蹩脚, 绅士, 拜金, 独力, 完美, 乐天, 浮夸, 堂皇, 坦承",0.155
香港,安徽,"独裁, 乐天, 完美, 品质, 怀旧, 独一无二, 纯正, 独立, 卓越, 堂皇",1.044
香港,山东,"独裁, 拜金, 浮夸, 坦承, 乐天, 完美, 堂皇, 怀旧, 独力, 浪漫",0.333
香港,山西,"独立, 完美, 独裁, 乐天, 浮夸, 卓越, 怀旧, 拜金, 独力, 蹩脚",0.321
香港,广东,"乐天, 完美, 独裁, 独立, 品质, 效忠, 小心翼翼, 敢于, 贪婪, 卓越",0.856
香港,广西,"乐天, 独裁, 完美, 卓越, 品质, 欺诈, 绅士, 尊敬, 慈善, 信誉",1.074
香港,新疆,"独力, 乐天, 瞒骗, 坦承, 独裁, 在所不惜, 拚命, 拜金, 泰然, 独善其身",0.144
香港,江苏,"独裁, 堂皇, 蹩脚, 浮夸, 公义, 怀旧, 完美, 慈善, 纯正, 乐天",0.507
香港,江西,"完美, 乐天, 独立, 品质, 卓越, 独裁, 慈善, 纯正, 随便, 独力",1.198
香港,河北,"独裁, 乐天, 拜金, 浪漫, 浮夸, 怀旧, 独立, 完美, 奢侈, 绅士",0.347
香港,河南,"乐天, 完美, 独裁, 独力, 卓越, 独立, 浪漫, 成熟, 坦承, 拜金",0.977
香港,浙江,"独裁, 完美, 蹩脚, 堂皇, 乐天, 绅士, 公义, 坦承, 纯正, 效忠",0.863
香港,海南,"独裁, 独立, 欺诈, 信誉, 完美, 随便, 卓越, 准时, 可靠, 鄙视",0.52
香港,湖北,"完美, 独裁, 独立, 乐天, 卓越, 品质, 堂皇, 奢侈, 蹩脚, 拜金",0.328
香港,湖南,"完美, 蹩脚, 功德, 效忠, 慈善, 独裁, 独力, 品质, 善恶, 卓越",1.041
香港,澳门,"野蛮, 白痴, 变态, 品质, 迟钝, 尖酸, 干脆, 独立, 讨厌, 恶劣",-0.944
香港,甘肃,"完美, 卓越, 乐天, 蹩脚, 信誉, 绅士, 怀旧, 独裁, 浪漫, 拜金",0.702
香港,福建,"完美, 独裁, 乐天, 浪漫, 品质, 绅士, 随便, 准时, 卓越, 优雅",1.237
香港,西藏,"信誉, 卓越, 准时, 乐天, 鄙视, 优秀, 锐意, 天才, 白痴, 诚信",1.003
香港,贵州,"独裁, 乐天, 公义, 完美, 蹩脚, 正义, 绅士, 卓越, 宁静, 效忠",1.169
香港,辽宁,"独裁, 乐天, 瞒骗, 天才, 慈善, 独力, 独立, 拚命, 蹩脚, 卓越",0.635
香港,重庆,"完美, 卓越, 独裁, 蹩脚, 价值观, 独立, 独力, 荒谬, 稳定, 乐天",0.668
香港,陕西,"完美, 拜金, 乐天, 坦承, 独裁, 蹩脚, 独立, 卓越, 浮夸, 慈善",0.5
香港,青海,"独裁, 卓越, 蹩脚, 乐天, 坦承, 完美, 独力, 拜金, 准时, 绅士",0.669
香港,黑龙江,"独裁, 倚赖, 卓越, 浮夸, 堂皇, 独力, 乐天, 拜金, 为富不仁, 价值观",-0.169
黑龙江,上海,"冷酷, 刚毅, 硬汉, 邪念, 柔和, 邪恶, 阴沉, 狂暴, 凝重, 坚毅",-0.299
黑龙江,东北,"沉迷, 怀疑, 完美, 小心, 涣散, 细致, 柔和, 才能, 恍惚, 单纯",0.288
黑龙江,云南,"硬汉, 抄袭, 硬朗, 志愿, 缺德, 歧视, 变态, 活跃, 耐力, 邪恶",-0.439
黑龙江,内蒙古,"成熟, 讨厌, 黑心, 幼稚, 叛逆, 乐天, 冷酷, 完美, 无情, 品质",-0.331
黑龙江,北京,"邪念, 贪欲, 邪恶, 堕落, 狂热, 残忍, 穷凶极恶, 凶猛, 贪心, 作恶多端",-1.914
黑龙江,台湾,"硬朗, 暴躁, 警惕, 刚毅, 阴沉, 颓废, 坚毅, 豪爽, 谨慎, 酗酒",0.17
黑龙江,吉林,"黑心, 柔和, 成熟, 稳定, 细腻, 讨厌, 脆弱, 活跃, 冷酷, 敏感",-0.043
黑龙江,四川,"活跃, 硬朗, 柔和, 稳定, 缺德, 纯洁, 准时, 帮凶, 迟钝, 黑心",0.076
黑龙江,天津,"残忍, 狂暴, 无情, 邪恶, 帮凶, 邪念, 冷酷, 野蛮, 狠毒, 穷凶极恶",-2.047
黑龙江,宁夏,"讨厌, 纯粹, 变态, 端正, 黑心, 邪恶, 华丽, 抄袭, 志愿, 猥琐",-0.851
黑龙江,安徽,"纯正, 堕落, 极端, 稳定, 品质, 邪恶, 独特, 黑心, 细腻, 狂暴",-0.322
黑龙江,山东,"黑心, 沉迷, 活跃, 细腻, 淡漠, 敏感, 纯洁, 冷漠, 成熟, 单纯",0.021
黑龙江,山西,"纯洁, 邪恶, 成熟, 细腻, 独立, 完美, 流畅, 堕落, 活跃, 细致",0.847
黑龙江,广东,"邪念, 细腻, 警惕, 纯洁, 贪婪, 脾气, 邪恶, 坚毅, 成熟, 细致",0.089
黑龙江,广西,"细腻, 顽固, 柔和, 小心, 狂暴, 冷酷, 邪恶, 尊敬, 晦涩, 警惕",-0.281
黑龙江,新疆,"阴沉, 帮凶, 寡言, 缄默, 凝重, 淡漠, 冷漠, 退缩, 息事宁人, 酗酒",-1.301
黑龙江,江苏,"黑心, 硬汉, 纯正, 酗酒, 细腻, 土气, 堕落, 邪恶, 悔改, 硬朗",-0.252
黑龙江,江西,"完美, 纯正, 细腻, 邪恶, 脆弱, 品质, 狂暴, 堕落, 冷酷, 成熟",-0.063
黑龙江,河北,"细腻, 纯洁, 成熟, 堕落, 敏感, 细致, 朴素, 极端, 细心, 浪漫",0.586
黑龙江,河南,"细腻, 细致, 成熟, 敏感, 冷酷, 纯粹, 极端, 纯洁, 灵活, 纯正",0.643
黑龙江,浙江,"酗酒, 纯正, 冷酷, 邪恶, 细腻, 纯洁, 极端, 堕落, 硬汉, 暴躁",-0.509
黑龙江,海南,"邪恶, 冷酷, 冷漠, 老实, 小心, 纯正, 果断, 稳定, 欺诈, 流畅",-0.041
黑龙江,湖北,"完美, 成熟, 堕落, 细腻, 柔和, 邪恶, 品质, 独立, 极端, 仔细",0.46
黑龙江,湖南,"堕落, 狂暴, 细腻, 邪念, 邪恶, 纯正, 硬汉, 柔和, 完美, 古怪",-0.139
黑龙江,澳门,"文静, 缺德, 本分, 老实, 冷酷, 暴躁, 脾气, 木讷, 残忍, 歹毒",-0.891
黑龙江,甘肃,"纯正, 完美, 讨厌, 纯粹, 细腻, 纯情, 流畅, 抄袭, 细致, 变态",0.31
黑龙江,福建,"纯洁, 冷酷, 细腻, 完美, 冷漠, 极端, 奔放, 细致, 活泼, 酗酒",0.347
黑龙江,西藏,"准时, 优秀, 讨厌, 信誉, 黑心, 鄙视, 志愿, 上进, 素质, 无耻",0.065
黑龙江,贵州,"冷酷, 邪恶, 狂暴, 细腻, 冷漠, 无情, 刚毅, 硬汉, 宁静, 活跃",-0.088
黑龙江,辽宁,"黑心, 堕落, 纯洁, 邪恶, 小心, 柔和, 敏感, 纯正, 成熟, 冷漠",-0.261
黑龙江,重庆,"柔和, 古怪, 缺德, 稳定, 邪恶, 敏捷, 仔细, 温和, 狂暴, 败类",-0.303
黑龙江,陕西,"黑心, 完美, 堕落, 讨厌, 纯洁, 志愿, 纯正, 万恶, 细腻, 癖好",-0.12
黑龙江,青海,"素质, 准时, 抄袭, 变态, 幽默, 歧视, 缺德, 流畅, 志愿, 内向",-0.387
黑龙江,香港,"文静, 本分, 专一, 牛脾气, 邪念, 调皮, 刚毅, 缺德, 木讷, 帮凶",-0.244
